Year,Residence,Origin,Refugees,Asylum,Returned refugees,Internally displaced persons (IDPs),Returned IDPs,Stateless persons,Others of concern,Total
#date+year,#country+residence,#country+origin,#affected+refugees,#affected+asylum,#affected+returned_refugees,#affected+idps,#affected+returned_idps,#affected+stateless,#affected+others,#affected+total
1973,United Rep. of Tanzania,Uganda,950,,,,,,,950
1974,Kenya,Uganda,360,,,,,,,360
1974,United Rep. of Tanzania,Uganda,2270,,,,,,,2270
1975,United Rep. of Tanzania,Uganda,2300,,,,,,,2300
1975,Zambia,Uganda,210,,,,,,,210
1976,Kenya,Uganda,450,,,,,,,450
1976,Sudan,Uganda,600,,,,,,,600
1976,United Rep. of Tanzania,Uganda,2200,,,,,,,2200
1977,Kenya,Uganda,4280,,,,,,,4280
1977,United Arab Emirates,Uganda,90,,,,,,,90
1977,United Rep. of Tanzania,Uganda,3630,,,,,,,3630
1978,Dem. Rep. of the Congo,Uganda,,,30000,,,,,30000
1978,Kenya,Uganda,4630,,,,,,,4630
1978,United Arab Emirates,Uganda,90,,,,,,,90
1978,United Rep. of Tanzania,Uganda,4100,,,,,,,4100
1979,Dem. Rep. of the Congo,Uganda,49780,,20000,,,,,69780
1979,Kenya,Uganda,3550,,1400,,,,,4950
1979,Rwanda,Uganda,100,,400,,,,,500
1979,Sudan,Uganda,35000,,,,,,,35000
1979,United Arab Emirates,Uganda,90,,,,,,,90
1979,United Rep. of Tanzania,Uganda,110,,2990,,,,,3100
1979,Zambia,Uganda,80,,,,,,,80
1980,Dem. Rep. of the Congo,Uganda,150000,,30000,,,,,180000
1980,Italy,Uganda,11,,,,,,,11
1980,Kenya,Uganda,840,,750,,,,,1590
1980,Rwanda,Uganda,300,,,,,,,300
1980,Sudan,Uganda,73000,,,,,,,73000
1980,United Arab Emirates,Uganda,90,,,,,,,90
1980,Various/Unknown,Uganda,,,2450,,,,,2450
1980,Zambia,Uganda,60,,,,,,,60
1981,Burundi,Uganda,330,,,,,,,330
1981,Dem. Rep. of the Congo,Uganda,125000,,40000,,,,,165000
1981,Italy,Uganda,11,,,,,,,11
1981,Kenya,Uganda,510,,,,,,,510
1981,Rwanda,Uganda,200,,,,,,,200
1981,Sudan,Uganda,50550,,250,,,,,50800
1981,United Arab Emirates,Uganda,90,,,,,,,90
1981,Various/Unknown,Uganda,,,2000,,,,,2000
1982,Burundi,Uganda,1830,,,,,,,1830
1982,Dem. Rep. of the Congo,Uganda,60000,,110000,,,,,170000
1982,Italy,Uganda,15,,,,,,,15
1982,Kenya,Uganda,1350,,,,,,,1350
1982,Rwanda,Uganda,38000,,,,,,,38000
1982,Sudan,Uganda,170000,,16000,,,,,186000
1982,United Arab Emirates,Uganda,90,,,,,,,90
1983,Burundi,Uganda,6250,,130,,,,,6380
1983,Dem. Rep. of the Congo,Uganda,65000,,3110,,,,,68110
1983,Italy,Uganda,16,,,,,,,16
1983,Kenya,Uganda,2990,,,,,,,2990
1983,Rwanda,Uganda,31000,,3000,,,,,34000
1983,Sudan,Uganda,200000,,,,,,,200000
1983,United Arab Emirates,Uganda,90,,,,,,,90
1983,United Rep. of Tanzania,Uganda,10000,,,,,,,10000
1984,Burundi,Uganda,26290,,,,,,,26290
1984,Dem. Rep. of the Congo,Uganda,30810,,14790,,,,,45600
1984,Italy,Uganda,21,,,,,,,21
1984,Kenya,Uganda,3880,,,,,,,3880
1984,Rwanda,Uganda,30420,,,,,,,30420
1984,Sudan,Uganda,200000,,36710,,,,,236710
1984,United Arab Emirates,Uganda,70,,,,,,,70
1984,United Rep. of Tanzania,Uganda,2500,,,,,,,2500
1984,Various/Unknown,Uganda,,,7000,,,,,7000
1985,Burundi,Uganda,33220,,,,,,,33220
1985,Dem. Rep. of the Congo,Uganda,17000,,20040,,,,,37040
1985,Italy,Uganda,30,,,,,,,30
1985,Kenya,Uganda,4160,,100,,,,,4260
1985,Rwanda,Uganda,,,28500,,,,,28500
1985,Sudan,Uganda,250000,,6260,,,,,256260
1985,United Arab Emirates,Uganda,70,,,,,,,70
1985,United Rep. of Tanzania,Uganda,1430,,1310,,,,,2740
1985,Zambia,Uganda,150,,,,,,,150
1986,Burundi,Uganda,21100,,250,,,,,21350
1986,Dem. Rep. of the Congo,Uganda,14230,,2770,,,,,17000
1986,Italy,Uganda,32,,,,,,,32
1986,Kenya,Uganda,3220,,1450,,,,,4670
1986,Sudan,Uganda,197200,,52800,,,,,250000
1986,United Rep. of Tanzania,Uganda,2730,,,,,,,2730
1986,Zambia,Uganda,140,,,,,,,140
1987,Bahrain,Uganda,80,,,,,,,80
1987,Burundi,Uganda,300,,,,,,,300
1987,Dem. Rep. of the Congo,Uganda,4000,,15630,,,,,19630
1987,Italy,Uganda,31,,,,,,,31
1987,Kenya,Uganda,5460,,120,,,,,5580
1987,Sudan,Uganda,100000,,68200,,,,,168200
1987,Zambia,Uganda,1200,,,,,,,1200
1988,Burundi,Uganda,380,,,,,,,380
1988,Dem. Rep. of the Congo,Uganda,3998,,1200,,,,,5198
1988,Italy,Uganda,25,,,,,,,25
1988,Kenya,Uganda,6590,,460,,,,,7050
1988,Sudan,Uganda,10000,,83500,,,,,93500
1988,United Kingdom,Uganda,905,,,,,,,905
1988,United States of America,Uganda,77,,,,,,,77
1989,Burundi,Uganda,375,,,,,,,375
1989,Dem. Rep. of the Congo,Uganda,4000,,,,,,,4000
1989,Denmark,Uganda,39,,,,,,,39
1989,Italy,Uganda,27,,,,,,,27
1989,Kenya,Uganda,6210,,190,,,,,6400
1989,Sudan,Uganda,9150,,18850,,,,,28000
1989,United Kingdom,Uganda,1442,,,,,,,1442
1989,United States of America,Uganda,115,,,,,,,115
1990,Burundi,Uganda,300,,,,,,,300
1990,Dem. Rep. of the Congo,Uganda,10099,,,,,,,10099
1990,Denmark,Uganda,46,,,,,,,46
1990,Italy,Uganda,27,,,,,,,27
1990,Kenya,Uganda,6049,,80,,,,,6129
1990,Sudan,Uganda,40000,,,,,,,40000
1990,Sweden,Uganda,429,,,,,,,429
1990,United Kingdom,Uganda,1734,,,,,,,1734
1990,United States of America,Uganda,136,,,,,,,136
1991,Burundi,Uganda,307,,,,,,,307
1991,Dem. Rep. of the Congo,Uganda,20111,,,,,,,20111
1991,Denmark,Uganda,42,,,,,,,42
1991,Italy,Uganda,27,,,,,,,27
1991,Kenya,Uganda,9785,,60,,,,,9845
1991,Sudan,Uganda,6500,,,,,,,6500
1991,Sweden,Uganda,548,,,,,,,548
1991,United Kingdom,Uganda,1757,,,,,,,1757
1991,United States of America,Uganda,249,,,,,,,249
1991,Zambia,Uganda,60,,,,,,,60
1992,Burundi,Uganda,301,,,,,,,301
1992,Dem. Rep. of the Congo,Uganda,21085,,,,,,,21085
1992,Denmark,Uganda,73,,,,,,,73
1992,France,Uganda,,,1,,,,,1
1992,Italy,Uganda,23,,,,,,,23
1992,Kenya,Uganda,3292,,2290,,,,,5582
1992,Netherlands,Uganda,22,,,,,,,22
1992,Sudan,Uganda,3800,,2700,,,,,6500
1992,Sweden,Uganda,604,,,,,,,604
1992,United Kingdom,Uganda,2866,,1,,,,,2867
1992,United States of America,Uganda,330,,,,,,,330
1992,Zambia,Uganda,60,,,,,,,60
1993,Botswana,Uganda,21,,,,,,,21
1993,Burkina Faso,Uganda,1,,,,,,,1
1993,Burundi,Uganda,301,,1,,,,,302
1993,Central African Rep.,Uganda,8,,,,,,,8
1993,Cote d'Ivoire,Uganda,1,,,,,,,1
1993,Dem. Rep. of the Congo,Uganda,21754,,,,,,,21754
1993,Denmark,Uganda,107,,,,,,,107
1993,Ethiopia,Uganda,19,,,,,,,19
1993,Gambia,Uganda,6,,,,,,,6
1993,Greece,Uganda,2,,,,,,,2
1993,Italy,Uganda,22,,,,,,,22
1993,Kenya,Uganda,2241,,1141,,,,,3382
1993,Liberia,Uganda,1,,,,,,,1
1993,Malawi,Uganda,1,,,,,,,1
1993,Netherlands,Uganda,22,,,,,,,22
1993,Senegal,Uganda,1,,,,,,,1
1993,Sierra Leone,Uganda,1,,,,,,,1
1993,Sudan,Uganda,3800,,,,,,,3800
1993,Swaziland,Uganda,49,,,,,,,49
1993,Sweden,Uganda,623,,,,,,,623
1993,Switzerland,Uganda,81,,,,,,,81
1993,Togo,Uganda,1,,,,,,,1
1993,United Kingdom,Uganda,3907,,,,,,,3907
1993,United States of America,Uganda,323,,,,,,,323
1993,Zambia,Uganda,96,,4,,,,,100
1993,Zimbabwe,Uganda,26,,,,,,,26
1994,Burundi,Uganda,296,,,,,,,296
1994,Canada,Uganda,350,,,,,,,350
1994,Central African Rep.,Uganda,7,,7,,,,,14
1994,Dem. Rep. of the Congo,Uganda,18560,,3430,,,,,21990
1994,Denmark,Uganda,107,,,,,,,107
1994,Ethiopia,Uganda,111,,,,,,,111
1994,Greece,Uganda,2,,,,,,,2
1994,Italy,Uganda,17,,,,,,,17
1994,Kenya,Uganda,2920,,580,,,,,3500
1994,Lesotho,Uganda,7,,,,,,,7
1994,Liberia,Uganda,1,,,,,,,1
1994,Mozambique,Uganda,1,,,,,,,1
1994,Netherlands,Uganda,22,,,,,,,22
1994,Nigeria,Uganda,6,,,,,,,6
1994,Sierra Leone,Uganda,3,,,,,,,3
1994,Sri Lanka,Uganda,1,,,,,,,1
1994,Sudan,Uganda,3766,,,,,,,3766
1994,Swaziland,Uganda,52,,,,,,,52
1994,Sweden,Uganda,760,,,,,,,760
1994,Switzerland,Uganda,77,,,,,,,77
1994,Togo,Uganda,1,,,,,,,1
1994,United Arab Emirates,Uganda,90,,,,,,,90
1994,United Kingdom,Uganda,3893,,,,,,,3893
1994,United States of America,Uganda,285,,,,,,,285
1994,Zambia,Uganda,96,,,,,,,96
1994,Zimbabwe,Uganda,19,,,,,,,19
1995,Angola,Uganda,1,,,,,,,1
1995,Botswana,Uganda,12,,,,,,,12
1995,Canada,Uganda,268,,,,,,,268
1995,Dem. Rep. of the Congo,Uganda,12611,,3575,,,,,16186
1995,Denmark,Uganda,107,,,,,,,107
1995,Ethiopia,Uganda,108,,3,,,,,111
1995,France,Uganda,44,,,,,,,44
1995,Italy,Uganda,8,,,,,,,8
1995,Kenya,Uganda,5907,,987,,,,,6894
1995,Liberia,Uganda,2,,,,,,,2
1995,Malawi,Uganda,12,,,,,,,12
1995,Namibia,Uganda,1,,,,,,,1
1995,Netherlands,Uganda,32,,,,,,,32
1995,Sri Lanka,Uganda,1,,,,,,,1
1995,Sudan,Uganda,,,3,,,,,3
1995,Swaziland,Uganda,46,,,,,,,46
1995,Sweden,Uganda,745,,,,,,,745
1995,United Arab Emirates,Uganda,90,,,,,,,90
1995,United Kingdom,Uganda,3849,,,,,,,3849
1995,United Rep. of Tanzania,Uganda,,,2,,,,,2
1995,United States of America,Uganda,313,,,,,,,313
1995,Zambia,Uganda,,,1,,,,,1
1995,Zimbabwe,Uganda,9,,,,,,,9
1996,Angola,Uganda,1,,,,,,,1
1996,Australia,Uganda,74,,,,,,,74
1996,Botswana,Uganda,10,,1,,,,,11
1996,Canada,Uganda,206,,,,,,,206
1996,Dem. Rep. of the Congo,Uganda,17289,,,,,,,17289
1996,Denmark,Uganda,102,,,,,,,102
1996,Djibouti,Uganda,,,1,,,,,1
1996,Ethiopia,Uganda,109,,,,,,,109
1996,France,Uganda,43,,,,,,,43
1996,Italy,Uganda,3,,,,,,,3
1996,Kenya,Uganda,5425,,326,,,,,5751
1996,Liberia,Uganda,2,,,,,,,2
1996,Malawi,Uganda,1,,,,,,,1
1996,Namibia,Uganda,7,,,,,,,7
1996,Netherlands,Uganda,34,,,,,,,34
1996,New Zealand,Uganda,1,,,,,,,1
1996,Rwanda,Uganda,51,,,,,,,51
1996,Sri Lanka,Uganda,1,,,,,,,1
1996,Swaziland,Uganda,46,,4,,,,,50
1996,Sweden,Uganda,751,,,,,,,751
1996,United Arab Emirates,Uganda,90,,,,,,,90
1996,United Kingdom,Uganda,3838,,,,,,,3838
1996,United States of America,Uganda,245,,,,,,,245
1996,Zimbabwe,Uganda,10,,2,,,,,12
1997,Angola,Uganda,1,,,,,,,1
1997,Australia,Uganda,26,,,,,,,26
1997,Botswana,Uganda,6,,2,,,,,8
1997,Cameroon,Uganda,,,1,,,,,1
1997,Canada,Uganda,110,,,,,,,110
1997,Central African Rep.,Uganda,2,,6,,,,,8
1997,Congo,Uganda,3,,,,,,,3
1997,Dem. Rep. of the Congo,Uganda,44289,,9,,,,,44298
1997,Denmark,Uganda,101,,,,,,,101
1997,Ethiopia,Uganda,29,,20,,,,,49
1997,France,Uganda,43,,,,,,,43
1997,Ghana,Uganda,1,,,,,,,1
1997,Italy,Uganda,2,,,,,,,2
1997,Kenya,Uganda,5536,,1140,,,,,6676
1997,Liberia,Uganda,2,,,,,,,2
1997,Namibia,Uganda,1,,,,,,,1
1997,Netherlands,Uganda,36,,,,,,,36
1997,New Zealand,Uganda,1,,,,,,,1
1997,Nigeria,Uganda,6,,,,,,,6
1997,Norway,Uganda,48,,,,,,,48
1997,Pakistan,Uganda,1,,,,,,,1
1997,Rwanda,Uganda,50,,,,,,,50
1997,Sudan,Uganda,,,69,,,,,69
1997,Swaziland,Uganda,42,,3,,,,,45
1997,Sweden,Uganda,737,,,,,,,737
1997,Togo,Uganda,,,1,,,,,1
1997,United Arab Emirates,Uganda,90,,,,,,,90
1997,United Kingdom,Uganda,3879,,,,,,,3879
1997,United Rep. of Tanzania,Uganda,,,5,,,,,5
1997,United States of America,Uganda,188,,,,,,,188
1997,Zambia,Uganda,,,2,,,,,2
1997,Zimbabwe,Uganda,11,,,,,,,11
1998,Angola,Uganda,1,,,,,,,1
1998,Australia,Uganda,12,,,,,,,12
1998,Austria,Uganda,1,,,,,,,1
1998,Belgium,Uganda,11,,,,,,,11
1998,Botswana,Uganda,3,,,,,,,3
1998,Canada,Uganda,80,,,,,,,80
1998,Central African Rep.,Uganda,5,,,,,,,5
1998,Congo,Uganda,3,,,,,,,3
1998,Dem. Rep. of the Congo,Uganda,2000,,630,,,,,2630
1998,Denmark,Uganda,101,,,,,,,101
1998,Ethiopia,Uganda,98,,,,,,,98
1998,Finland,Uganda,13,,,,,,,13
1998,France,Uganda,42,,,,,,,42
1998,Ghana,Uganda,1,,,,,,,1
1998,Italy,Uganda,2,,,,,,,2
1998,Kenya,Uganda,6003,,326,,,,,6329
1998,Liberia,Uganda,2,,,,,,,2
1998,Namibia,Uganda,1,,,,,,,1
1998,Netherlands,Uganda,34,,,,,,,34
1998,New Zealand,Uganda,1,,,,,,,1
1998,Norway,Uganda,58,,,,,,,58
1998,Pakistan,Uganda,1,,,,,,,1
1998,Rwanda,Uganda,1,,,,,,,1
1998,Sudan,Uganda,,,51,,,,,51
1998,Swaziland,Uganda,43,,,,,,,43
1998,Sweden,Uganda,713,,,,,,,713
1998,Switzerland,Uganda,53,,,,,,,53
1998,United Arab Emirates,Uganda,90,,,,,,,90
1998,United Kingdom,Uganda,3620,,,,,,,3620
1998,United States of America,Uganda,262,,,,,,,262
1998,Zimbabwe,Uganda,46,,,,,,,46
1999,Angola,Uganda,1,,,,,,,1
1999,Australia,Uganda,11,,,,,,,11
1999,Austria,Uganda,3,,,,,,,3
1999,Belgium,Uganda,11,,,,,,,11
1999,Benin,Uganda,5,,,,,,,5
1999,Botswana,Uganda,4,,,,,,,4
1999,Canada,Uganda,96,,,,,,,96
1999,Central African Rep.,Uganda,6,,,,,,,6
1999,Dem. Rep. of the Congo,Uganda,3240,,,,,,,3240
1999,Denmark,Uganda,188,,,,,,,188
1999,Ethiopia,Uganda,94,,,,,,,94
1999,Finland,Uganda,13,,,,,,,13
1999,France,Uganda,37,,,,,,,37
1999,Ghana,Uganda,1,,,,,,,1
1999,Hungary,Uganda,1,,,,,,,1
1999,Kenya,Uganda,5947,,236,,,,,6183
1999,Liberia,Uganda,2,,,,,,,2
1999,Malawi,Uganda,2,,,,,,,2
1999,Netherlands,Uganda,35,,,,,,,35
1999,New Zealand,Uganda,1,,,,,,,1
1999,Norway,Uganda,102,,,,,,,102
1999,Pakistan,Uganda,1,,,,,,,1
1999,Rwanda,Uganda,2,,,,,,,2
1999,Swaziland,Uganda,43,,,,,,,43
1999,Sweden,Uganda,596,,,,,,,596
1999,Switzerland,Uganda,46,,,,,,,46
1999,United Kingdom,Uganda,3040,,,,,,,3040
1999,United States of America,Uganda,363,,,,,,,363
1999,Zimbabwe,Uganda,46,,,,,,,46
2000,Angola,Uganda,1,,,,,,,1
2000,Australia,Uganda,20,12,,,,,,32
2000,Austria,Uganda,4,,,,,,,4
2000,Belgium,Uganda,10,,,,,,,10
2000,Benin,Uganda,5,,,,,,,5
2000,Botswana,Uganda,29,6,,,,,,35
2000,Burundi,Uganda,1,1,,,,,,2
2000,Canada,Uganda,89,105,,,,,,194
2000,Central African Rep.,Uganda,6,,,,,,,6
2000,Congo,Uganda,,2,,,,,,2
2000,Dem. Rep. of the Congo,Uganda,13020,2,1,,,,,13023
2000,Denmark,Uganda,181,2,,,,,,183
2000,Ethiopia,Uganda,92,,2,,,,,94
2000,Finland,Uganda,12,,,,,,,12
2000,France,Uganda,32,,,,,,,32
2000,Gabon,Uganda,,1,,,,,,1
2000,Germany,Uganda,,24,,,,,,24
2000,Ghana,Uganda,1,,,,,,,1
2000,Hungary,Uganda,1,1,,,,,,2
2000,Italy,Uganda,2,,,,,,,2
2000,Kenya,Uganda,5780,61,158,,,,,5999
2000,Liberia,Uganda,1,,,,,,,1
2000,Mozambique,Uganda,,9,,,,,,9
2000,Namibia,Uganda,,4,,,,,,4
2000,Netherlands,Uganda,31,62,,,,,,93
2000,New Zealand,Uganda,1,,,,,,,1
2000,Norway,Uganda,88,,,,,,,88
2000,Pakistan,Uganda,1,2,,,,,,3
2000,Rwanda,Uganda,,2,,,,,,2
2000,South Africa,Uganda,,471,,,,,,471
2000,Spain,Uganda,1,,,,,,,1
2000,Sudan,Uganda,8577,,277,,,,,8854
2000,Swaziland,Uganda,45,,,,,,,45
2000,Sweden,Uganda,570,,,,,,,570
2000,Switzerland,Uganda,42,10,,,,,,52
2000,United Arab Emirates,Uganda,90,1,,,,,,91
2000,United Kingdom,Uganda,3150,,,,,,,3150
2000,United Rep. of Tanzania,Uganda,,7,,,,,,7
2000,United States of America,Uganda,519,279,,,,,,798
2000,Zimbabwe,Uganda,12,,,,,,,12
2001,Angola,Uganda,1,1,,,,,,2
2001,Australia,Uganda,25,12,,,,,,37
2001,Austria,Uganda,6,,,,,,,6
2001,Belgium,Uganda,6,,,,,,,6
2001,Benin,Uganda,5,,,,,,,5
2001,Botswana,Uganda,34,35,1,,,,,70
2001,Burundi,Uganda,,1,,,,,,1
2001,Canada,Uganda,103,88,,,,,,191
2001,Central African Rep.,Uganda,6,,,,,,,6
2001,Comoros,Uganda,1,,,,,,,1
2001,Congo,Uganda,,2,,,,,,2
2001,Cote d'Ivoire,Uganda,,1,,,,,,1
2001,Dem. Rep. of the Congo,Uganda,20751,2,1,,,,,20754
2001,Denmark,Uganda,133,5,,,,,,138
2001,Egypt,Uganda,,1,,,,,,1
2001,Ethiopia,Uganda,34,,,,,,,34
2001,Finland,Uganda,12,,,,,,,12
2001,France,Uganda,28,,,,,,,28
2001,Gabon,Uganda,,1,,,,,,1
2001,Germany,Uganda,,47,,,,,,47
2001,Ghana,Uganda,1,,,,,,,1
2001,Hungary,Uganda,1,,,,,,,1
2001,Indonesia,Uganda,,1,,,,,,1
2001,Ireland,Uganda,4,,,,,,,4
2001,Israel,Uganda,,1,,,,,,1
2001,Italy,Uganda,2,,,,,,,2
2001,Kenya,Uganda,5804,3,73,,,,,5880
2001,Lebanon,Uganda,1,,,,,,,1
2001,Liberia,Uganda,1,,,,,,,1
2001,Mozambique,Uganda,,15,,,,,,15
2001,Namibia,Uganda,,3,,,,,,3
2001,Netherlands,Uganda,44,83,,,,,,127
2001,Norway,Uganda,87,,,,,,,87
2001,Pakistan,Uganda,1,4,,,,,,5
2001,Rwanda,Uganda,4,,,,,,,4
2001,South Africa,Uganda,,244,,,,,,244
2001,Spain,Uganda,1,,,,,,,1
2001,Sudan,Uganda,8497,,80,,,,,8577
2001,Swaziland,Uganda,45,8,,,,,,53
2001,Sweden,Uganda,449,,,,,,,449
2001,Switzerland,Uganda,41,16,,,,,,57
2001,United Arab Emirates,Uganda,90,10,,,,,,100
2001,United Kingdom,Uganda,3195,,,,,,,3195
2001,United Rep. of Tanzania,Uganda,,17,,,,,,17
2001,United States of America,Uganda,698,346,,,,,,1044
2001,Zimbabwe,Uganda,30,1,,,,,,31
2002,Angola,Uganda,1,,,,,,,1
2002,Australia,Uganda,49,5,,,,,,54
2002,Austria,Uganda,7,,,,,,,7
2002,Belgium,Uganda,1,,,,,,,1
2002,Benin,Uganda,5,,,,,,,5
2002,Botswana,Uganda,45,45,,,,,,90
2002,Burundi,Uganda,,1,,,,,,1
2002,Canada,Uganda,114,190,,,,,,304
2002,Central African Rep.,Uganda,6,,,,,,,6
2002,China,Uganda,,1,,,,,,1
2002,"China, Hong Kong SAR",Uganda,,1,,,,,,1
2002,Congo,Uganda,,2,,,,,,2
2002,Cote d'Ivoire,Uganda,1,,,,,,,1
2002,Dem. Rep. of the Congo,Uganda,23012,1,4,,,,,23017
2002,Denmark,Uganda,98,4,,,,,,102
2002,Egypt,Uganda,,3,,,,,,3
2002,Ethiopia,Uganda,92,1,,,,,,93
2002,Finland,Uganda,9,,,,,,,9
2002,France,Uganda,26,,,,,,,26
2002,Germany,Uganda,336,48,,,,,,384
2002,Ghana,Uganda,1,,,,,,,1
2002,Hungary,Uganda,1,,,,,,,1
2002,Iraq,Uganda,,,1,,,,,1
2002,Ireland,Uganda,18,,,,,,,18
2002,Israel,Uganda,,1,,,,,,1
2002,Italy,Uganda,2,,,,,,,2
2002,Kenya,Uganda,4432,244,14,,,,,4690
2002,Liberia,Uganda,1,,,,,,,1
2002,Malawi,Uganda,,5,,,,,,5
2002,Mozambique,Uganda,,26,,,,,,26
2002,Namibia,Uganda,,2,,,,,,2
2002,Netherlands,Uganda,53,84,,,,,,137
2002,Norway,Uganda,59,,,,,,,59
2002,Pakistan,Uganda,1,3,,,,,,4
2002,Rwanda,Uganda,15,19,,,,,,34
2002,South Africa,Uganda,26,841,,,,,,867
2002,Spain,Uganda,1,,,,,,,1
2002,Sudan,Uganda,8264,7,236,,,,,8507
2002,Swaziland,Uganda,45,9,,,,,,54
2002,Sweden,Uganda,386,42,,,,,,428
2002,Switzerland,Uganda,40,9,,,,,,49
2002,Togo,Uganda,,1,,,,,,1
2002,United Arab Emirates,Uganda,28,10,,,,,,38
2002,United Kingdom,Uganda,2335,,,,,,,2335
2002,United Rep. of Tanzania,Uganda,,22,8,,,,,30
2002,United States of America,Uganda,882,415,,,,,,1297
2002,Yemen,Uganda,1,,,,,,,1
2002,Zimbabwe,Uganda,32,1,,,,,,33
2003,Angola,Uganda,,2,,,,,,2
2003,Australia,Uganda,51,8,,,,,,59
2003,Austria,Uganda,8,,,,,,,8
2003,Belgium,Uganda,1,,,,,,,1
2003,Benin,Uganda,5,,,,,,,5
2003,Botswana,Uganda,44,46,,,,,,90
2003,Burundi,Uganda,,1,,,,,,1
2003,Canada,Uganda,153,151,,,,,,304
2003,Central African Rep.,Uganda,8,,,,,,,8
2003,Congo,Uganda,,2,,,,,,2
2003,Cote d'Ivoire,Uganda,1,,,,,,,1
2003,Dem. Rep. of the Congo,Uganda,18953,4,4087,,,,,23044
2003,Denmark,Uganda,66,3,,,,,,69
2003,Egypt,Uganda,3,8,,,,,,11
2003,Ethiopia,Uganda,89,1,,,,,,90
2003,Finland,Uganda,9,,,,,,,9
2003,France,Uganda,29,,,,,,,29
2003,Germany,Uganda,365,51,,,,,,416
2003,Ghana,Uganda,,3,,,,,,3
2003,Greece,Uganda,,1,,,,,,1
2003,Hungary,Uganda,,1,,,,,,1
2003,Ireland,Uganda,21,30,,,,,,51
2003,Italy,Uganda,2,,,,,,,2
2003,Japan,Uganda,,1,,,,,,1
2003,Kenya,Uganda,4438,370,22,,,,,4830
2003,Liberia,Uganda,1,,,,,,,1
2003,Malawi,Uganda,,5,,,,,,5
2003,Mozambique,Uganda,,30,,,,,,30
2003,Namibia,Uganda,3,3,2,,,,,8
2003,Netherlands,Uganda,58,58,,,,,,116
2003,New Zealand,Uganda,2,2,,,,,,4
2003,Norway,Uganda,45,,,,,,,45
2003,Pakistan,Uganda,1,3,,,,,,4
2003,Rep. of Korea,Uganda,,1,,,,,,1
2003,Rwanda,Uganda,10,43,,,,,,53
2003,Somalia,Uganda,,1,,,,,,1
2003,South Africa,Uganda,30,1527,,,,,,1557
2003,Spain,Uganda,1,,,,,,,1
2003,Sudan,Uganda,7983,,296,,,,,8279
2003,Swaziland,Uganda,43,1,1,,,,,45
2003,Sweden,Uganda,338,40,,,,,,378
2003,Switzerland,Uganda,37,10,,,,,,47
2003,Thailand,Uganda,,5,,,,,,5
2003,Togo,Uganda,,1,,,,,,1
2003,Ukraine,Uganda,,2,,,,,,2
2003,United Arab Emirates,Uganda,28,,,,,,,28
2003,United Kingdom,Uganda,1624,,,,,,,1624
2003,United Rep. of Tanzania,Uganda,,1,1,,,,,2
2003,United States of America,Uganda,749,414,,,,,,1163
2003,Various/Unknown,Uganda,,,3,,,,,3
2003,Yemen,Uganda,1,,,,,,,1
2003,Zimbabwe,Uganda,47,1,,,,,,48
2004,Angola,Uganda,1,1,,,,,,2
2004,Australia,Uganda,239,,,,,,,239
2004,Austria,Uganda,9,,,,,,,9
2004,Belgium,Uganda,1,2,,,,,,3
2004,Benin,Uganda,5,,,,,,,5
2004,Botswana,Uganda,39,47,,,,,,86
2004,Burundi,Uganda,,1,,,,,,1
2004,Canada,Uganda,225,61,,,,,,286
2004,Central African Rep.,Uganda,13,,,,,,,13
2004,"China, Hong Kong SAR",Uganda,,1,,,,,,1
2004,Congo,Uganda,,2,,,,,,2
2004,Cote d'Ivoire,Uganda,1,,,,,,,1
2004,Dem. Rep. of the Congo,Uganda,18953,4,,,,,,18957
2004,Denmark,Uganda,58,2,,,,,,60
2004,Egypt,Uganda,7,4,,,,,,11
2004,Ethiopia,Uganda,82,,,,,,,82
2004,Finland,Uganda,6,,,,,,,6
2004,France,Uganda,29,,,,,,,29
2004,Germany,Uganda,354,27,,,,,,381
2004,Ghana,Uganda,,3,,,,,,3
2004,Guinea,Uganda,,1,,,,,,1
2004,Hungary,Uganda,3,3,,,,,,6
2004,Ireland,Uganda,24,33,,,,,,57
2004,Italy,Uganda,7,,,,,,,7
2004,Kenya,Uganda,904,389,9,,,,,1302
2004,Liberia,Uganda,2,,,,,,,2
2004,Malawi,Uganda,1,3,,,,,,4
2004,Malaysia,Uganda,,1,,,,,,1
2004,Mozambique,Uganda,,7,,,,,,7
2004,Namibia,Uganda,3,3,,,,,,6
2004,Netherlands,Uganda,66,44,,,,,,110
2004,New Zealand,Uganda,2,2,,,,,,4
2004,Norway,Uganda,45,,,,,,,45
2004,Pakistan,Uganda,1,1,,,,,,2
2004,Poland,Uganda,,1,,,,,,1
2004,Rep. of Korea,Uganda,1,9,,,,,,10
2004,Rwanda,Uganda,10,36,,,,,,46
2004,Somalia,Uganda,6,,,,,,,6
2004,South Africa,Uganda,36,2136,,,,,,2172
2004,Spain,Uganda,1,,,,,,,1
2004,Sudan,Uganda,7901,,82,,,,,7983
2004,Swaziland,Uganda,43,1,,,,,,44
2004,Sweden,Uganda,161,31,,,,,,192
2004,Switzerland,Uganda,36,5,,,,,,41
2004,Thailand,Uganda,,5,,,,,,5
2004,Togo,Uganda,,1,,,,,,1
2004,Ukraine,Uganda,,5,,,,,,5
2004,United Arab Emirates,Uganda,36,,,,,,,36
2004,United Kingdom,Uganda,1818,,,,,,,1818
2004,United Rep. of Tanzania,Uganda,,1,,,,,,1
2004,United States of America,Uganda,745,341,,,,,,1086
2004,Yemen,Uganda,1,,,,,,,1
2004,Zimbabwe,Uganda,88,,,,,,,88
2005,Angola,Uganda,2,1,,,,,,3
2005,Australia,Uganda,370,5,,,,,,375
2005,Austria,Uganda,12,,,,,,,12
2005,Belgium,Uganda,2,13,,,,,,15
2005,Benin,Uganda,5,,,,,,,5
2005,Botswana,Uganda,46,,,,,,,46
2005,Burundi,Uganda,,8,,,,,,8
2005,Canada,Uganda,362,42,,,,,,404
2005,Central African Rep.,Uganda,13,,,,,,,13
2005,Chad,Uganda,,1,,,,,,1
2005,China,Uganda,,1,,,,,,1
2005,"China, Hong Kong SAR",Uganda,,2,,,,,,2
2005,Congo,Uganda,,2,,,,,,2
2005,Cote d'Ivoire,Uganda,1,,,,,,,1
2005,Dem. Rep. of the Congo,Uganda,18954,,,,,,,18954
2005,Denmark,Uganda,40,2,,,,,,42
2005,Egypt,Uganda,11,2,,,,,,13
2005,Ethiopia,Uganda,43,2,,,,,,45
2005,Finland,Uganda,6,,,,,,,6
2005,France,Uganda,29,,,,,,,29
2005,Germany,Uganda,363,115,,,,,,478
2005,Ghana,Uganda,,3,,,,,,3
2005,Greece,Uganda,,3,,,,,,3
2005,Guinea,Uganda,3,1,,,,,,4
2005,Hungary,Uganda,8,,,,,,,8
2005,India,Uganda,,1,,,,,,1
2005,Ireland,Uganda,40,,,,,,,40
2005,Italy,Uganda,7,,,,,,,7
2005,Japan,Uganda,,1,,,,,,1
2005,Kenya,Uganda,2834,526,14,,,,,3374
2005,Liberia,Uganda,2,,,,,,,2
2005,Malawi,Uganda,,2,,,,,,2
2005,Malaysia,Uganda,1,,,,,,,1
2005,Mauritania,Uganda,1,,,,,,,1
2005,Morocco,Uganda,,18,,,,,,18
2005,Mozambique,Uganda,,5,,,,,,5
2005,Namibia,Uganda,1,,,,,,,1
2005,Netherlands,Uganda,67,37,,,,,,104
2005,New Zealand,Uganda,8,3,,,,,,11
2005,Nigeria,Uganda,2,,,,,,,2
2005,Norway,Uganda,43,,,,,,,43
2005,Pakistan,Uganda,1,,,,,,,1
2005,Poland,Uganda,,4,,,,,,4
2005,Rep. of Korea,Uganda,1,52,,,,,,53
2005,Russian Federation,Uganda,1,,,,,,,1
2005,Rwanda,Uganda,9,13,,,,,,22
2005,Somalia,Uganda,7,,,,,,,7
2005,South Africa,Uganda,55,3106,4,,,,,3165
2005,Spain,Uganda,1,,,,,,,1
2005,Sudan,Uganda,7895,,6,,,,,7901
2005,Swaziland,Uganda,43,12,,,,,,55
2005,Sweden,Uganda,135,34,,,,,,169
2005,Switzerland,Uganda,35,8,,,,,,43
2005,Thailand,Uganda,1,4,,,,,,5
2005,Togo,Uganda,,1,,,,,,1
2005,Ukraine,Uganda,1,2,,,,,,3
2005,United Arab Emirates,Uganda,34,,,,,,,34
2005,United Kingdom,Uganda,1863,,,,,,,1863
2005,United Rep. of Tanzania,Uganda,,2,,,,,,2
2005,United States of America,Uganda,866,279,,,,,,1145
2005,Yemen,Uganda,1,,,,,,,1
2006,Angola,Uganda,,2,,,,,,2
2006,Australia,Uganda,391,2,,,,,,393
2006,Austria,Uganda,16,41,,,,,,57
2006,Belgium,Uganda,7,9,,,,,,16
2006,Botswana,Uganda,45,,,,,,,45
2006,Burundi,Uganda,,16,,,,,,16
2006,Cameroon,Uganda,5,3,,,,,,8
2006,Canada,Uganda,445,156,,,,,,601
2006,Central African Rep.,Uganda,13,,,,,,,13
2006,"China, Hong Kong SAR",Uganda,1,6,,,,,,7
2006,Congo,Uganda,,11,,,,,,11
2006,Cote d'Ivoire,Uganda,1,,,,,,,1
2006,Dem. Rep. of the Congo,Uganda,13904,,5035,,,,,18939
2006,Denmark,Uganda,37,1,,,,,,38
2006,Egypt,Uganda,12,3,,,,,,15
2006,Ethiopia,Uganda,38,7,,,,,,45
2006,Finland,Uganda,6,,,,,,,6
2006,France,Uganda,29,,,,,,,29
2006,Gabon,Uganda,,1,,,,,,1
2006,Germany,Uganda,173,100,,,,,,273
2006,Ghana,Uganda,,3,,,,,,3
2006,Guinea,Uganda,,1,,,,,,1
2006,Hungary,Uganda,8,,,,,,,8
2006,Ireland,Uganda,48,21,,,,,,69
2006,Italy,Uganda,7,,,,,,,7
2006,Japan,Uganda,,3,,,,,,3
2006,Kenya,Uganda,2810,526,,,,,,3336
2006,Liberia,Uganda,2,,,,,,,2
2006,Malawi,Uganda,,1,,,,,,1
2006,Malaysia,Uganda,1,,,,,,,1
2006,Mauritania,Uganda,1,,,,,,,1
2006,Morocco,Uganda,,18,,,,,,18
2006,Mozambique,Uganda,1,5,,,,,,6
2006,Netherlands,Uganda,90,29,,,,,,119
2006,New Zealand,Uganda,8,,,,,,,8
2006,Nigeria,Uganda,2,,,,,,,2
2006,Norway,Uganda,32,25,,,,,,57
2006,Pakistan,Uganda,1,,,,,,,1
2006,Poland,Uganda,,4,,,,,,4
2006,Rep. of Korea,Uganda,1,55,,,,,,56
2006,Russian Federation,Uganda,1,,,,,,,1
2006,Rwanda,Uganda,18,3,,,,,,21
2006,Somalia,Uganda,7,,,,,,,7
2006,South Africa,Uganda,70,,,,,,,70
2006,Spain,Uganda,1,,,,,,,1
2006,Swaziland,Uganda,43,12,,,,,,55
2006,Sweden,Uganda,119,28,,,,,,147
2006,Switzerland,Uganda,33,4,,,,,,37
2006,Thailand,Uganda,,2,,,,,,2
2006,Togo,Uganda,,1,,,,,,1
2006,Turkey,Uganda,1,,,,,,,1
2006,Uganda,Uganda,,,,1586174,300000,,,1886174
2006,Ukraine,Uganda,1,4,,,,,,5
2006,United Arab Emirates,Uganda,21,,,,,,,21
2006,United Kingdom,Uganda,1870,,,,,,,1870
2006,United Rep. of Tanzania,Uganda,,6,,,,,,6
2006,United States of America,Uganda,1430,239,,,,,,1669
2006,Yemen,Uganda,1,,,,,,,1
2007,Algeria,Uganda,,2,,,,,,2
2007,Angola,Uganda,,2,,,,,,2
2007,Australia,Uganda,21,4,,,,,,25
2007,Austria,Uganda,18,34,,,,,,52
2007,Belgium,Uganda,8,,,,,,,8
2007,Botswana,Uganda,23,,,,,,,23
2007,Burundi,Uganda,,19,,,,,,19
2007,Cameroon,Uganda,5,2,,,,,,7
2007,Canada,Uganda,491,156,,,,,,647
2007,Central African Rep.,Uganda,13,,4,,,,,17
2007,"China, Hong Kong SAR",Uganda,2,3,,,,,,5
2007,Congo,Uganda,,11,,,,,,11
2007,Costa Rica,Uganda,2,,,,,,,2
2007,Czech Rep.,Uganda,,1,,,,,,1
2007,Cote d'Ivoire,Uganda,1,,,,,,,1
2007,Dem. Rep. of the Congo,Uganda,13905,,,,,,,13905
2007,Denmark,Uganda,17,1,,,,,,18
2007,Egypt,Uganda,12,5,,,,,,17
2007,Ethiopia,Uganda,44,4,,,,,,48
2007,Finland,Uganda,2,1,,,,,,3
2007,France,Uganda,32,,,,,,,32
2007,Gabon,Uganda,,1,,,,,,1
2007,Germany,Uganda,178,60,,,,,,238
2007,Ghana,Uganda,,3,,,,,,3
2007,Greece,Uganda,,2,,,,,,2
2007,Guinea,Uganda,3,1,,,,,,4
2007,Hungary,Uganda,7,,,,,,,7
2007,Ireland,Uganda,63,36,,,,,,99
2007,Israel,Uganda,,1,,,,,,1
2007,Italy,Uganda,16,,,,,,,16
2007,Japan,Uganda,,1,,,,,,1
2007,Kenya,Uganda,2807,202,1,,,,,3010
2007,Liberia,Uganda,2,,,,,,,2
2007,Malawi,Uganda,,2,,,,,,2
2007,Malaysia,Uganda,,,,,,,,0
2007,Mauritania,Uganda,1,,,,,,,1
2007,Morocco,Uganda,,7,,,,,,7
2007,Mozambique,Uganda,1,5,,,,,,6
2007,Namibia,Uganda,2,11,,,,,,13
2007,Netherlands,Uganda,95,,,,,,,95
2007,New Zealand,Uganda,,1,,,,,,1
2007,Nigeria,Uganda,4,,,,,,,4
2007,Norway,Uganda,22,22,,,,,,44
2007,Pakistan,Uganda,1,,,,,,,1
2007,Poland,Uganda,,4,,,,,,4
2007,Rep. of Korea,Uganda,1,94,,,,,,95
2007,Russian Federation,Uganda,1,,,,,,,1
2007,Rwanda,Uganda,1,1,,,,,,2
2007,Somalia,Uganda,7,2,,,,,,9
2007,South Africa,Uganda,81,2239,,,,,,2320
2007,Spain,Uganda,1,,,,,,,1
2007,Swaziland,Uganda,43,12,,,,,,55
2007,Sweden,Uganda,74,47,,,,,,121
2007,Switzerland,Uganda,32,10,,,,,,42
2007,Thailand,Uganda,1,,,,,,,1
2007,Togo,Uganda,,,,,,,,0
2007,Uganda,Uganda,,,,1235992,579000,,,1814992
2007,Ukraine,Uganda,4,4,,,,,,8
2007,United Arab Emirates,Uganda,10,,,,,,,10
2007,United Kingdom,Uganda,1816,,1,,,,,1817
2007,United Rep. of Tanzania,Uganda,,9,,,,,,9
2007,United States of America,Uganda,1466,129,,,,,,1595
2007,Yemen,Uganda,1,,,,,,,1
2007,Zimbabwe,Uganda,4,4,,,,,,8
2008,Algeria,Uganda,,,,,,,,0
2008,Angola,Uganda,,2,,,,,,2
2008,Australia,Uganda,27,11,,,,,,38
2008,Austria,Uganda,18,30,,,,,,48
2008,Belgium,Uganda,8,,,,,,,8
2008,Botswana,Uganda,10,21,,,,,,31
2008,Brazil,Uganda,,,,,,,,0
2008,Bulgaria,Uganda,1,,,,,,,1
2008,Burundi,Uganda,18,,,,,,,18
2008,Cameroon,Uganda,5,1,,,,,,6
2008,Canada,Uganda,542,134,,,,,,676
2008,Central African Rep.,Uganda,3,1,,,,,,4
2008,"China, Hong Kong SAR",Uganda,2,6,,,,,,8
2008,Congo,Uganda,6,1,,,,,,7
2008,Costa Rica,Uganda,2,,,,,,,2
2008,Czech Rep.,Uganda,,,,,,,,0
2008,Cote d'Ivoire,Uganda,1,,,,,,,1
2008,Dem. Rep. of the Congo,Uganda,15,,,,,,,15
2008,Denmark,Uganda,14,12,,,,,,26
2008,Egypt,Uganda,12,7,,,,,,19
2008,Ethiopia,Uganda,34,7,1,,,,,42
2008,Finland,Uganda,3,,,,,,,3
2008,France,Uganda,38,,,,,,,38
2008,Gabon,Uganda,,1,,,,,,1
2008,Germany,Uganda,183,55,,,,,,238
2008,Ghana,Uganda,,3,,,,,,3
2008,Greece,Uganda,,,,,,,,0
2008,Guinea,Uganda,3,,,,,,,3
2008,Hungary,Uganda,7,1,,,,,,8
2008,Ireland,Uganda,76,56,,,,,,132
2008,Israel,Uganda,,2,,,,,,2
2008,Italy,Uganda,19,,,,,,,19
2008,Japan,Uganda,,10,,,,,,10
2008,Kenya,Uganda,2789,170,1,,,,,2960
2008,Liberia,Uganda,2,,,,,,,2
2008,Luxembourg,Uganda,,,,,,,,0
2008,Malawi,Uganda,1,4,,,,,,5
2008,Malaysia,Uganda,,1,,,,,,1
2008,Mali,Uganda,1,,,,,,,1
2008,Mauritania,Uganda,1,1,,,,,,2
2008,Morocco,Uganda,,4,,,,,,4
2008,Mozambique,Uganda,1,6,,,,,,7
2008,Namibia,Uganda,2,6,,,,,,8
2008,Netherlands,Uganda,112,,,,,,,112
2008,New Zealand,Uganda,,1,,,,,,1
2008,Nigeria,Uganda,4,,,,,,,4
2008,Norway,Uganda,28,30,,,,,,58
2008,Pakistan,Uganda,1,,,,,,,1
2008,Poland,Uganda,,,,,,,,0
2008,Rep. of Korea,Uganda,1,102,,,,,,103
2008,Russian Federation,Uganda,1,,,,,,,1
2008,Rwanda,Uganda,3,1,,,,,,4
2008,Somalia,Uganda,2,2,,,,,,4
2008,South Africa,Uganda,79,2239,2,,,,,2320
2008,Spain,Uganda,1,,,,,,,1
2008,Swaziland,Uganda,43,16,,,,,,59
2008,Sweden,Uganda,44,49,,,,,,93
2008,Switzerland,Uganda,33,23,,,,,,56
2008,Thailand,Uganda,1,,,,,,,1
2008,Togo,Uganda,7,,,,,,,7
2008,Turkey,Uganda,,,,,,,,0
2008,Uganda,Uganda,,,,853000,603000,,,1456000
2008,Ukraine,Uganda,1,3,,,,,,4
2008,United Arab Emirates,Uganda,9,,,,,,,9
2008,United Kingdom,Uganda,1760,,,,,,,1760
2008,United Rep. of Tanzania,Uganda,14,9,,,,,,23
2008,United States of America,Uganda,1442,110,,,,,,1552
2008,Yemen,Uganda,1,,,,,,,1
2008,Zambia,Uganda,108,,100,,,,,208
2008,Zimbabwe,Uganda,9,2,,,,,,11
2009,Angola,Uganda,1,,,,,,,1
2009,Australia,Uganda,31,2,,,,,,33
2009,Austria,Uganda,17,27,,,,,,44
2009,Belgium,Uganda,9,,,,,,,9
2009,Botswana,Uganda,8,20,,,,,,28
2009,Brazil,Uganda,,3,,,,,,3
2009,Bulgaria,Uganda,1,,,,,,,1
2009,Burundi,Uganda,17,1,,,,,,18
2009,Cameroon,Uganda,5,,,,,,,5
2009,Canada,Uganda,616,121,,,,,,737
2009,Central African Rep.,Uganda,3,1,,,,,,4
2009,"China, Hong Kong SAR",Uganda,2,15,,,,,,17
2009,Congo,Uganda,6,1,,,,,,7
2009,Costa Rica,Uganda,2,,,,,,,2
2009,Czech Rep.,Uganda,,1,,,,,,1
2009,Cote d'Ivoire,Uganda,1,,,,,,,1
2009,Dem. Rep. of the Congo,Uganda,16,2,,,,,,18
2009,Denmark,Uganda,12,8,,,,,,20
2009,Egypt,Uganda,12,5,,,,,,17
2009,Estonia,Uganda,1,,,,,,,1
2009,Ethiopia,Uganda,32,6,,,,,,38
2009,Finland,Uganda,3,2,,,,,,5
2009,France,Uganda,44,,,,,,,44
2009,Gabon,Uganda,,1,,,,,,1
2009,Germany,Uganda,260,70,,,,,,330
2009,Ghana,Uganda,,7,,,,,,7
2009,Greece,Uganda,,,,,,,,0
2009,Guinea,Uganda,3,,,,,,,3
2009,Hungary,Uganda,7,1,,,,,,8
2009,Iraq,Uganda,,1,,,,,,1
2009,Ireland,Uganda,81,51,,,,,,132
2009,Israel,Uganda,,,,,,,,0
2009,Italy,Uganda,22,,,,,,,22
2009,Jamaica,Uganda,1,,,,,,,1
2009,Japan,Uganda,,41,,,,,,41
2009,Kenya,Uganda,2760,181,,,,,,2941
2009,Liberia,Uganda,2,,,,,,,2
2009,Luxembourg,Uganda,,1,,,,,,1
2009,Malawi,Uganda,,4,,,,,,4
2009,Malaysia,Uganda,,,,,,,,0
2009,Mali,Uganda,1,,,,,,,1
2009,Mauritania,Uganda,1,,,,,,,1
2009,Mexico,Uganda,1,,,,,,,1
2009,Morocco,Uganda,,10,,,,,,10
2009,Mozambique,Uganda,2,5,,,,,,7
2009,Namibia,Uganda,3,7,,,,,,10
2009,Netherlands,Uganda,126,51,,,,,,177
2009,New Zealand,Uganda,,,,,,,,0
2009,Nigeria,Uganda,4,,,,,,,4
2009,Norway,Uganda,27,52,,,,,,79
2009,Pakistan,Uganda,1,,,,,,,1
2009,Poland,Uganda,,1,,,,,,1
2009,Rep. of Korea,Uganda,10,9,,,,,,19
2009,Rwanda,Uganda,7,,,,,,,7
2009,Somalia,Uganda,2,,,,,,,2
2009,South Africa,Uganda,99,,,,,,,99
2009,Spain,Uganda,1,,,,,,,1
2009,Sudan,Uganda,,,78,,,,,78
2009,Swaziland,Uganda,43,16,,,,,,59
2009,Sweden,Uganda,54,55,,,,,,109
2009,Switzerland,Uganda,30,18,,,,,,48
2009,Thailand,Uganda,1,,,,,,,1
2009,Uganda,Uganda,,,,446300,407700,,,854000
2009,Ukraine,Uganda,1,6,,,,,,7
2009,United Arab Emirates,Uganda,3,,,,,,,3
2009,United Kingdom,Uganda,1601,,,,,,,1601
2009,United Rep. of Tanzania,Uganda,,6,,,,,,6
2009,United States of America,Uganda,1443,98,,,,,,1541
2009,Zambia,Uganda,110,,10,,,,,120
2009,Zimbabwe,Uganda,8,2,,,,,,10
2010,Angola,Uganda,2,,,,,,,2
2010,Australia,Uganda,33,5,,,,,,38
2010,Austria,Uganda,18,28,,,,,,46
2010,Belgium,Uganda,13,,,,,,,13
2010,Botswana,Uganda,10,22,,,,,,32
2010,Brazil,Uganda,1,,,,,,,1
2010,Bulgaria,Uganda,1,,,,,,,1
2010,Burundi,Uganda,10,2,9,,,,,21
2010,Cameroon,Uganda,5,,,,,,,5
2010,Canada,Uganda,682,108,,,,,,790
2010,Central African Rep.,Uganda,3,1,,,,,,4
2010,"China, Hong Kong SAR",Uganda,1,10,,,,,,11
2010,Congo,Uganda,1,,,,,,,1
2010,Costa Rica,Uganda,2,,,,,,,2
2010,Czech Rep.,Uganda,1,,,,,,,1
2010,Cote d'Ivoire,Uganda,1,,,,,,,1
2010,Dem. Rep. of the Congo,Uganda,16,4,,,,,,20
2010,Denmark,Uganda,10,19,,,,,,29
2010,Egypt,Uganda,12,5,,,,,,17
2010,Estonia,Uganda,1,,,,,,,1
2010,Ethiopia,Uganda,34,2,,,,,,36
2010,Finland,Uganda,2,1,,,,,,3
2010,France,Uganda,47,,,,,,,47
2010,Gabon,Uganda,,1,,,,,,1
2010,Germany,Uganda,286,82,,,,,,368
2010,Ghana,Uganda,,7,,,,,,7
2010,Greece,Uganda,,21,,,,,,21
2010,Guinea,Uganda,3,,,,,,,3
2010,Hungary,Uganda,7,1,,,,,,8
2010,Iraq,Uganda,,2,,,,,,2
2010,Ireland,Uganda,87,68,,,,,,155
2010,Italy,Uganda,24,3,,,,,,27
2010,Japan,Uganda,,33,,,,,,33
2010,Kenya,Uganda,737,197,,,,,,934
2010,Liberia,Uganda,2,,,,,,,2
2010,Luxembourg,Uganda,,1,,,,,,1
2010,Malawi,Uganda,,6,,,,,,6
2010,Mali,Uganda,1,,,,,,,1
2010,Mauritania,Uganda,1,,,,,,,1
2010,Mexico,Uganda,1,,,,,,,1
2010,Morocco,Uganda,1,,,,,,,1
2010,Mozambique,Uganda,3,8,,,,,,11
2010,Namibia,Uganda,3,9,,,,,,12
2010,Netherlands,Uganda,171,61,,,,,,232
2010,New Zealand,Uganda,,2,,,,,,2
2010,Niger,Uganda,,1,,,,,,1
2010,Nigeria,Uganda,2,,1,,,,,3
2010,Norway,Uganda,30,56,,,,,,86
2010,Pakistan,Uganda,1,,,,,,,1
2010,Poland,Uganda,1,3,,,,,,4
2010,Rep. of Korea,Uganda,16,15,,,,,,31
2010,Russian Federation,Uganda,1,2,,,,,,3
2010,Rwanda,Uganda,5,1,1,,,,,7
2010,Saudi Arabia,Uganda,,1,,,,,,1
2010,Somalia,Uganda,2,,,,,,,2
2010,South Africa,Uganda,134,,,,,,,134
2010,Spain,Uganda,,14,,,,,,14
2010,Sudan,Uganda,952,1,44,,,,,997
2010,Swaziland,Uganda,43,,,,,,,43
2010,Sweden,Uganda,66,69,,,,,,135
2010,Switzerland,Uganda,34,15,,,,,,49
2010,Thailand,Uganda,,6,,,,,,6
2010,Turkey,Uganda,,1,,,,,,1
2010,Uganda,Uganda,,,,125598,302991,,,428589
2010,Ukraine,Uganda,1,7,,,,,,8
2010,United Arab Emirates,Uganda,1,,,,,,,1
2010,United Kingdom,Uganda,1417,,,,,,,1417
2010,United Rep. of Tanzania,Uganda,,6,,,,,,6
2010,United States of America,Uganda,1378,44,,,,,,1422
2010,Zambia,Uganda,114,,4,,,,,118
2010,Zimbabwe,Uganda,10,,,,,,,10
2011,Angola,Uganda,2,,,,,,,2
2011,Australia,Uganda,42,17,,,,,,59
2011,Austria,Uganda,17,27,,,,,,44
2011,Belgium,Uganda,16,18,,,,,,34
2011,Botswana,Uganda,26,2,1,,,,,29
2011,Brazil,Uganda,1,2,,,,,,3
2011,Bulgaria,Uganda,1,,,,,,,1
2011,Burundi,Uganda,9,2,,,,,,11
2011,Cameroon,Uganda,1,1,,,,,,2
2011,Canada,Uganda,749,70,,,,,,819
2011,Central African Rep.,Uganda,3,,,,,,,3
2011,"China, Hong Kong SAR",Uganda,2,8,,,,,,10
2011,Congo,Uganda,1,,,,,,,1
2011,Costa Rica,Uganda,2,,,,,,,2
2011,Croatia,Uganda,,1,,,,,,1
2011,Czech Rep.,Uganda,1,,,,,,,1
2011,Cote d'Ivoire,Uganda,1,,,,,,,1
2011,Dem. Rep. of the Congo,Uganda,16,4,,,,,,20
2011,Denmark,Uganda,13,3,,,,,,16
2011,Ecuador,Uganda,,1,,,,,,1
2011,Egypt,Uganda,12,10,,,,,,22
2011,Estonia,Uganda,1,,,,,,,1
2011,Ethiopia,Uganda,29,2,,,,,,31
2011,Finland,Uganda,2,5,,,,,,7
2011,France,Uganda,53,,,,,,,53
2011,Gabon,Uganda,,1,,,,,,1
2011,Germany,Uganda,258,87,,,,,,345
2011,Ghana,Uganda,,7,,,,,,7
2011,Greece,Uganda,6,,,,,,,6
2011,Guatemala,Uganda,,1,,,,,,1
2011,Guinea,Uganda,3,,,,,,,3
2011,Hungary,Uganda,7,,,,,,,7
2011,Iceland,Uganda,,1,,,,,,1
2011,India,Uganda,1,1,,,,,,2
2011,Iraq,Uganda,,3,,,,,,3
2011,Ireland,Uganda,87,53,,,,,,140
2011,Italy,Uganda,25,,,,,,,25
2011,Japan,Uganda,,17,,,,,,17
2011,Jordan,Uganda,1,,,,,,,1
2011,Kenya,Uganda,627,283,4,,,,,914
2011,Lesotho,Uganda,3,,,,,,,3
2011,Liberia,Uganda,2,,,,,,,2
2011,Luxembourg,Uganda,,,,,,,,0
2011,Malawi,Uganda,,5,4,,,,,9
2011,Mali,Uganda,1,,,,,,,1
2011,Mexico,Uganda,1,,,,,,,1
2011,Morocco,Uganda,1,3,,,,,,4
2011,Mozambique,Uganda,3,16,,,,,,19
2011,Namibia,Uganda,4,3,,,,,,7
2011,Netherlands,Uganda,195,74,,,,,,269
2011,New Zealand,Uganda,1,2,,,,,,3
2011,Nicaragua,Uganda,,,,,,,,0
2011,Niger,Uganda,,1,,,,,,1
2011,Nigeria,Uganda,2,,,,,,,2
2011,Norway,Uganda,33,49,,,,,,82
2011,Pakistan,Uganda,1,,,,,,,1
2011,Philippines,Uganda,,,,,,,,0
2011,Poland,Uganda,1,7,,,,,,8
2011,Portugal,Uganda,,3,,,,,,3
2011,Rep. of Korea,Uganda,18,78,,,,,,96
2011,Russian Federation,Uganda,1,,,,,,,1
2011,Rwanda,Uganda,5,,,,,,,5
2011,Saudi Arabia,Uganda,,1,,,,,,1
2011,Somalia,Uganda,2,,,,,,,2
2011,South Africa,Uganda,134,674,,,,,,808
2011,South Sudan,Uganda,,,,,,,,0
2011,Spain,Uganda,,,,,,,,0
2011,Sudan,Uganda,220,,1,,,,,221
2011,Swaziland,Uganda,43,,,,,,,43
2011,Sweden,Uganda,121,76,,,,,,197
2011,Switzerland,Uganda,36,23,,,,,,59
2011,Thailand,Uganda,,,,,,,,0
2011,Turkey,Uganda,4,44,,,,,,48
2011,Uganda,Uganda,,,,29776,95822,,,125598
2011,Ukraine,Uganda,1,9,,,,,,10
2011,United Arab Emirates,Uganda,1,,,,,,,1
2011,United Kingdom,Uganda,1417,206,,,,,,1623
2011,United Rep. of Tanzania,Uganda,,1,,,,,,1
2011,United States of America,Uganda,1349,83,,,,,,1432
2011,Zambia,Uganda,54,,10,,,,,64
2011,Zimbabwe,Uganda,11,,,,,,,11
2012,Angola,Uganda,2,2,,,,,,4
2012,Australia,Uganda,43,19,,,,,,62
2012,Austria,Uganda,17,19,,,,,,36
2012,Belgium,Uganda,19,24,,,,,,43
2012,Botswana,Uganda,27,4,,,,,,31
2012,Brazil,Uganda,2,,,,,,,2
2012,Bulgaria,Uganda,1,,,,,,,1
2012,Burundi,Uganda,,,10,,,,,10
2012,Cameroon,Uganda,1,1,,,,,,2
2012,Canada,Uganda,809,57,,,,,,866
2012,Central African Rep.,Uganda,3,,,,,,,3
2012,China,Uganda,,2,,,,,,2
2012,"China, Hong Kong SAR",Uganda,2,18,,,,,,20
2012,Congo,Uganda,1,,,,,,,1
2012,Costa Rica,Uganda,2,,,,,,,2
2012,Croatia,Uganda,,,,,,,,0
2012,Czech Rep.,Uganda,1,3,,,,,,4
2012,Cote d'Ivoire,Uganda,1,,,,,,,1
2012,Dem. Rep. of the Congo,Uganda,20,1,,,,,,21
2012,Denmark,Uganda,13,20,,,,,,33
2012,Ecuador,Uganda,1,,,,,,,1
2012,Egypt,Uganda,15,27,,,,,,42
2012,Estonia,Uganda,1,,,,,,,1
2012,Ethiopia,Uganda,20,1,,,,,,21
2012,Finland,Uganda,5,4,,,,,,9
2012,France,Uganda,61,,,,,,,61
2012,Gabon,Uganda,,1,,,,,,1
2012,Germany,Uganda,272,108,,,,,,380
2012,Ghana,Uganda,1,7,,,,,,8
2012,Greece,Uganda,6,,,,,,,6
2012,Guatemala,Uganda,,,,,,,,0
2012,Guinea,Uganda,3,,,,,,,3
2012,Hungary,Uganda,7,,,,,,,7
2012,Iceland,Uganda,,,,,,,,0
2012,India,Uganda,1,1,,,,,,2
2012,Iraq,Uganda,,3,,,,,,3
2012,Ireland,Uganda,73,54,,,,,,127
2012,Italy,Uganda,29,5,,,,,,34
2012,Japan,Uganda,,13,,,,,,13
2012,Jordan,Uganda,1,,,,,,,1
2012,Kenya,Uganda,596,401,1,,,,,998
2012,Lesotho,Uganda,3,,,,,,,3
2012,Liberia,Uganda,2,,,,,,,2
2012,Malawi,Uganda,,2,,,,,,2
2012,Malta,Uganda,,1,,,,,,1
2012,Mexico,Uganda,,,,,,,,0
2012,Morocco,Uganda,1,7,,,,,,8
2012,Mozambique,Uganda,3,11,,,,,,14
2012,Namibia,Uganda,4,4,,,,,,8
2012,Netherlands,Uganda,230,74,,,,,,304
2012,New Zealand,Uganda,1,1,,,,,,2
2012,Nigeria,Uganda,2,,,,,,,2
2012,Norway,Uganda,52,56,,,,,,108
2012,Pakistan,Uganda,1,,,,,,,1
2012,Papua New Guinea,Uganda,1,,,,,,,1
2012,Poland,Uganda,4,2,,,,,,6
2012,Portugal,Uganda,2,1,,,,,,3
2012,Rep. of Korea,Uganda,20,94,,,,,,114
2012,Romania,Uganda,,,,,,,,0
2012,Russian Federation,Uganda,1,,,,,,,1
2012,Rwanda,Uganda,4,,,,,,,4
2012,Saudi Arabia,Uganda,,1,,,,,,1
2012,Somalia,Uganda,2,,,,,,,2
2012,South Africa,Uganda,141,1454,,,,,,1595
2012,Spain,Uganda,,15,,,,,,15
2012,Sudan,Uganda,219,1,1,,,,,221
2012,Swaziland,Uganda,7,1,,,,,,8
2012,Sweden,Uganda,191,169,,,,,,360
2012,Switzerland,Uganda,32,24,,,,,,56
2012,Thailand,Uganda,,5,,,,,,5
2012,Turkey,Uganda,4,23,,,,,,27
2012,Ukraine,Uganda,1,10,,,,,,11
2012,United Kingdom,Uganda,1269,197,,,,,,1466
2012,United Rep. of Tanzania,Uganda,,4,,,,,,4
2012,United States of America,Uganda,1231,138,,,,,,1369
2012,Yemen,Uganda,,1,,,,,,1
2012,Zambia,Uganda,112,,8,,,,,120
2012,Zimbabwe,Uganda,12,,,,,,,12
2013,Algeria,Uganda,,,,,,,,0
2013,Angola,Uganda,2,2,,,,,,4
2013,Australia,Uganda,48,11,,,,,,59
2013,Austria,Uganda,18,21,,,,,,39
2013,Belgium,Uganda,18,28,,,,,,46
2013,Botswana,Uganda,27,3,,,,,,30
2013,Brazil,Uganda,2,,,,,,,2
2013,Bulgaria,Uganda,1,2,,,,,,3
2013,Burundi,Uganda,,,,,,,,0
2013,Cameroon,Uganda,1,,,,,,,1
2013,Canada,Uganda,844,46,,,,,,890
2013,Central African Rep.,Uganda,3,,,,,,,3
2013,China,Uganda,,5,,,,,,5
2013,"China, Hong Kong SAR",Uganda,1,35,,,,,,36
2013,Congo,Uganda,1,,,,,,,1
2013,Costa Rica,Uganda,2,,,,,,,2
2013,Croatia,Uganda,,1,,,,,,1
2013,Czech Rep.,Uganda,4,,,,,,,4
2013,Cote d'Ivoire,Uganda,1,1,,,,,,2
2013,Dem. Rep. of the Congo,Uganda,2686,1,,,,,,2687
2013,Denmark,Uganda,27,14,,,,,,41
2013,Ecuador,Uganda,1,,,,,,,1
2013,Egypt,Uganda,17,35,,,,,,52
2013,Estonia,Uganda,1,,,,,,,1
2013,Ethiopia,Uganda,20,1,,,,,,21
2013,Finland,Uganda,9,1,,,,,,10
2013,France,Uganda,70,26,,,,,,96
2013,Gabon,Uganda,,1,,,,,,1
2013,Germany,Uganda,120,123,,,,,,243
2013,Ghana,Uganda,1,7,,,,,,8
2013,Greece,Uganda,6,14,,,,,,20
2013,Guinea,Uganda,3,,,,,,,3
2013,Hungary,Uganda,3,3,,,,,,6
2013,India,Uganda,1,1,,,,,,2
2013,Iraq,Uganda,,3,,,,,,3
2013,Ireland,Uganda,34,46,,,,,,80
2013,Italy,Uganda,35,2,,,,,,37
2013,Japan,Uganda,,12,,,,,,12
2013,Jordan,Uganda,1,,,,,,,1
2013,Kenya,Uganda,602,519,,,,,,1121
2013,Lesotho,Uganda,3,,,,,,,3
2013,Liberia,Uganda,2,,,,,,,2
2013,Luxembourg,Uganda,,1,,,,,,1
2013,Malawi,Uganda,,,,,,,,0
2013,Malta,Uganda,,,,,,,,0
2013,Morocco,Uganda,,28,,,,,,28
2013,Mozambique,Uganda,3,14,,,,,,17
2013,Namibia,Uganda,4,4,,,,,,8
2013,Netherlands,Uganda,338,,,,,,,338
2013,New Zealand,Uganda,1,,,,,,,1
2013,Norway,Uganda,82,31,,,,,,113
2013,Pakistan,Uganda,1,,,,,,,1
2013,Papua New Guinea,Uganda,1,,,,,,,1
2013,Peru,Uganda,1,,,,,,,1
2013,Poland,Uganda,4,2,,,,,,6
2013,Portugal,Uganda,3,,,,,,,3
2013,Rep. of Korea,Uganda,20,83,,,,,,103
2013,Romania,Uganda,,,,,,,,0
2013,Rwanda,Uganda,5,,,,,,,5
2013,Saudi Arabia,Uganda,,1,,,,,,1
2013,Serbia and Kosovo (S/RES/1244 (1999)),Uganda,,,,,,,,0
2013,Somalia,Uganda,2,,,,,,,2
2013,South Africa,Uganda,146,1641,,,,,,1787
2013,South Sudan,Uganda,,1,,,,,,1
2013,Spain,Uganda,,11,,,,,,11
2013,Sudan,Uganda,219,,1,,,,,220
2013,Swaziland,Uganda,7,1,,,,,,8
2013,Sweden,Uganda,406,168,,,,,,574
2013,Switzerland,Uganda,31,27,,,,,,58
2013,Thailand,Uganda,,1,,,,,,1
2013,Turkey,Uganda,7,222,,,,,,229
2013,Uganda,Uganda,,,,,,,50000,50000
2013,Ukraine,Uganda,1,10,,,,,,11
2013,United Kingdom,Uganda,980,219,,,,,,1199
2013,United Rep. of Tanzania,Uganda,,4,1,,,,,5
2013,United States of America,Uganda,1185,332,,,,,,1517
2013,Vanuatu,Uganda,,1,,,,,,1
2013,Yemen,Uganda,,1,,,,,,1
2013,Zambia,Uganda,102,4,2,,,,,108
2013,Zimbabwe,Uganda,12,1,,,,,,13
2014,Angola,Uganda,6,6,,,,,,12
2014,Australia,Uganda,51,31,,,,,,82
2014,Austria,Uganda,18,27,,,,,,45
2014,Belgium,Uganda,23,13,,,,,,36
2014,Botswana,Uganda,27,2,,,,,,29
2014,Brazil,Uganda,2,3,,,,,,5
2014,Bulgaria,Uganda,1,2,,,,,,3
2014,Cameroon,Uganda,2,1,,,,,,3
2014,Canada,Uganda,804,27,,,,,,831
2014,Central African Rep.,Uganda,4,,,,,,,4
2014,China,Uganda,,18,,,,,,18
2014,"China, Hong Kong SAR",Uganda,5,28,,,,,,33
2014,Congo,Uganda,1,,,,,,,1
2014,Costa Rica,Uganda,2,,,,,,,2
2014,Croatia,Uganda,1,,,,,,,1
2014,Czech Rep.,Uganda,4,,,,,,,4
2014,Cote d'Ivoire,Uganda,1,1,,,,,,2
2014,Dem. Rep. of the Congo,Uganda,1213,1,,,,,,1214
2014,Denmark,Uganda,40,17,,,,,,57
2014,Ecuador,Uganda,1,,,,,,,1
2014,Egypt,Uganda,15,29,,,,,,44
2014,Estonia,Uganda,1,,,,,,,1
2014,Ethiopia,Uganda,22,2,,,,,,24
2014,Finland,Uganda,9,2,,,,,,11
2014,France,Uganda,80,37,,,,,,117
2014,Gabon,Uganda,,,,,,,,0
2014,Germany,Uganda,120,152,,,,,,272
2014,Ghana,Uganda,4,2,,,,,,6
2014,Greece,Uganda,8,7,,,,,,15
2014,Guinea,Uganda,3,,,,,,,3
2014,Hungary,Uganda,5,4,,,,,,9
2014,India,Uganda,1,7,,,,,,8
2014,Indonesia,Uganda,,1,,,,,,1
2014,Iraq,Uganda,,1,,,,,,1
2014,Ireland,Uganda,29,34,,,,,,63
2014,Italy,Uganda,34,17,,,,,,51
2014,Japan,Uganda,,36,,,,,,36
2014,Jordan,Uganda,1,,,,,,,1
2014,Kenya,Uganda,591,808,1,,,,,1400
2014,Lesotho,Uganda,3,,,,,,,3
2014,Liberia,Uganda,1,,,,,,,1
2014,Luxembourg,Uganda,,3,,,,,,3
2014,Malawi,Uganda,,1,,,,,,1
2014,Malaysia,Uganda,1,1,,,,,,2
2014,Morocco,Uganda,,3,,,,,,3
2014,Mozambique,Uganda,3,22,,,,,,25
2014,Namibia,Uganda,5,2,,,,,,7
2014,Netherlands,Uganda,453,39,,,,,,492
2014,New Zealand,Uganda,2,1,,,,,,3
2014,Norway,Uganda,101,36,,,,,,137
2014,Pakistan,Uganda,1,,,,,,,1
2014,Papua New Guinea,Uganda,1,,,,,,,1
2014,Peru,Uganda,1,,,,,,,1
2014,Philippines,Uganda,5,,,,,,,5
2014,Poland,Uganda,4,2,,,,,,6
2014,Portugal,Uganda,3,,,,,,,3
2014,Rep. of Korea,Uganda,23,124,,,,,,147
2014,Romania,Uganda,,,,,,,,0
2014,Rwanda,Uganda,5,,,,,,,5
2014,Saudi Arabia,Uganda,,1,,,,,,1
2014,Serbia and Kosovo (S/RES/1244 (1999)),Uganda,,1,,,,,,1
2014,Slovakia,Uganda,,,,,,,,0
2014,Somalia,Uganda,2,1,,,,,,3
2014,South Africa,Uganda,696,1762,,,,,,2458
2014,South Sudan,Uganda,,,,,,,,0
2014,Spain,Uganda,,3,,,,,,3
2014,Sudan,Uganda,2,,,,,,,2
2014,Swaziland,Uganda,5,1,,,,,,6
2014,Sweden,Uganda,522,165,,,,,,687
2014,Switzerland,Uganda,30,23,,,,,,53
2014,Thailand,Uganda,,2,,,,,,2
2014,Trinidad and Tobago,Uganda,,2,,,,,,2
2014,Turkey,Uganda,23,429,,,,,,452
2014,Uganda,Uganda,,,,,,,180000,180000
2014,Ukraine,Uganda,1,10,,,,,,11
2014,United Kingdom,Uganda,878,249,,,,,,1127
2014,United States of America,Uganda,1178,581,,,,,,1759
2014,Vanuatu,Uganda,,1,,,,,,1
2014,Yemen,Uganda,,,,,,,,0
2014,Zambia,Uganda,105,10,,,,,,115
2014,Zimbabwe,Uganda,8,4,,,,,,12
2015,Angola,Uganda,6,6,,,,,,12
2015,Australia,Uganda,50,35,,,,,,85
2015,Austria,Uganda,16,27,,,,,,43
2015,Belgium,Uganda,27,6,,,,,,33
2015,Botswana,Uganda,22,,,,,,,22
2015,Brazil,Uganda,2,8,,,,,,10
2015,Bulgaria,Uganda,1,2,,,,,,3
2015,Burundi,Uganda,1,1,,,,,,2
2015,Cameroon,Uganda,2,1,,,,,,3
2015,Canada,Uganda,713,54,,,,,,767
2015,Central African Rep.,Uganda,4,,,,,,,4
2015,Chile,Uganda,,1,,,,,,1
2015,China,Uganda,1,54,,,,,,55
2015,"China, Hong Kong SAR",Uganda,5,28,,,,,,33
2015,Congo,Uganda,1,,,,,,1,2
2015,Costa Rica,Uganda,,1,,,,,,1
2015,Croatia,Uganda,3,,,,,,,3
2015,Czech Rep.,Uganda,4,,,,,,,4
2015,Cote d'Ivoire,Uganda,1,1,,,,,,2
2015,Dem. Rep. of the Congo,Uganda,26,3,1191,,,,,1220
2015,Denmark,Uganda,62,15,,,,,,77
2015,Ecuador,Uganda,1,,,,,,,1
2015,Egypt,Uganda,9,31,,,,,,40
2015,Estonia,Uganda,1,,,,,,,1
2015,Ethiopia,Uganda,23,4,,,,,,27
2015,Finland,Uganda,12,4,,,,,,16
2015,France,Uganda,100,23,,,,,,123
2015,Germany,Uganda,112,205,,,,,,317
2015,Ghana,Uganda,7,2,,,,,,9
2015,Greece,Uganda,13,8,,,,,,21
2015,Guinea,Uganda,3,,,,,,,3
2015,Hungary,Uganda,6,16,,,,,,22
2015,India,Uganda,,5,,,,,,5
2015,Indonesia,Uganda,1,,,,,,,1
2015,Iraq,Uganda,,1,,,,,,1
2015,Ireland,Uganda,41,14,,,,,,55
2015,Italy,Uganda,52,7,,,,,,59
2015,Japan,Uganda,,107,,,,,,107
2015,Jordan,Uganda,1,1,,,,,,2
2015,Kenya,Uganda,637,1270,,,,,,1907
2015,Lesotho,Uganda,3,,,,,,,3
2015,Liberia,Uganda,1,,,,,,,1
2015,Luxembourg,Uganda,,5,,,,,,5
2015,Malawi,Uganda,,3,,,,,,3
2015,Malaysia,Uganda,,1,,,,,,1
2015,Morocco,Uganda,,1,,,,,,1
2015,Mozambique,Uganda,3,27,,,,,,30
2015,Namibia,Uganda,4,3,,,,,,7
2015,Netherlands,Uganda,492,59,,,,,,551
2015,New Zealand,Uganda,1,6,,,,,,7
2015,Norway,Uganda,114,22,,,,,,136
2015,Pakistan,Uganda,1,,,,,,,1
2015,Papua New Guinea,Uganda,1,,,,,,,1
2015,Peru,Uganda,1,,,,,,,1
2015,Poland,Uganda,4,2,,,,,,6
2015,Portugal,Uganda,3,,,,,,,3
2015,Rep. of Korea,Uganda,24,138,,,,,,162
2015,Russian Federation,Uganda,,,1,,,,,1
2015,Rwanda,Uganda,4,,,,,,1,5
2015,Senegal,Uganda,,1,,,,,,1
2015,Slovakia,Uganda,7,,,,,,,7
2015,Somalia,Uganda,2,1,,,,,,3
2015,South Africa,Uganda,729,2517,,,,,,3246
2015,South Sudan,Uganda,,1,,,,,,1
2015,Spain,Uganda,,5,,,,,,5
2015,Sudan,Uganda,3,,,,,,,3
2015,Swaziland,Uganda,6,1,,,,,,7
2015,Sweden,Uganda,578,149,,,,,,727
2015,Switzerland,Uganda,35,20,,,,,,55
2015,Thailand,Uganda,1,,,,,,,1
2015,Turkey,Uganda,22,428,,,,,,450
2015,Uganda,Uganda,,,,,,,180000,180000
2015,Ukraine,Uganda,1,10,,,,,,11
2015,United Kingdom,Uganda,966,247,,,,,,1213
2015,United States of America,Uganda,1231,850,,,,,,2081
2015,Vanuatu,Uganda,,1,,,,,,1
2015,Zambia,Uganda,105,4,,,,,,109
2015,Zimbabwe,Uganda,8,,,,,,1,9
2016,Angola,Uganda,6,6,,,,,,12
2016,Australia,Uganda,62,28,,,,,,90
2016,Austria,Uganda,16,28,,,,,,44
2016,Belgium,Uganda,20,11,,,,,,31
2016,Botswana,Uganda,22,,,,,,,22
2016,Brazil,Uganda,5,6,,,,,,11
2016,Bulgaria,Uganda,1,,,,,,,1
2016,Burundi,Uganda,6,,,,,,,6
2016,Cameroon,Uganda,1,,,,,,,1
2016,Canada,Uganda,486,91,,,,,,577
2016,Central African Rep.,Uganda,5,,,,,,,5
2016,Chile,Uganda,,1,,,,,,1
2016,China,Uganda,1,45,,,,,,46
2016,"China, Hong Kong SAR",Uganda,5,,,,,,,5
2016,Congo,Uganda,1,,,,,,1,2
2016,Costa Rica,Uganda,,1,,,,,,1
2016,Croatia,Uganda,3,,,,,,,3
2016,Czech Rep.,Uganda,4,,,,,,,4
2016,Cote d'Ivoire,Uganda,,1,,,,,,1
2016,Dem. Rep. of the Congo,Uganda,24,3,,,,,,27
2016,Denmark,Uganda,69,35,,,,,,104
2016,Egypt,Uganda,8,17,,,,,,25
2016,Estonia,Uganda,1,,,,,,,1
2016,Ethiopia,Uganda,23,5,,,,,,28
2016,Finland,Uganda,24,5,,,,,,29
2016,France,Uganda,109,9,,,,,,118
2016,Germany,Uganda,115,294,,,,,,409
2016,Ghana,Uganda,6,1,,,,,,7
2016,Greece,Uganda,18,34,,,,,,52
2016,Guinea,Uganda,1,,,,,,,1
2016,Hungary,Uganda,6,,,,,,,6
2016,India,Uganda,,6,,,,,,6
2016,Indonesia,Uganda,1,1,,,,,,2
2016,Iraq,Uganda,,1,,,,,,1
2016,Ireland,Uganda,40,14,,,,,,54
2016,Italy,Uganda,66,12,,,,,,78
2016,Japan,Uganda,,54,,,,,,54
2016,Jordan,Uganda,1,,,,,,,1
2016,Kenya,Uganda,631,1339,,,,,,1970
2016,Lesotho,Uganda,3,3,,,,,,6
2016,Liberia,Uganda,1,,,,,,,1
2016,Luxembourg,Uganda,1,3,,,,,,4
2016,Malawi,Uganda,,8,,,,,,8
2016,Malaysia,Uganda,,3,,,,,,3
2016,Mozambique,Uganda,2,13,,,,,,15
2016,Namibia,Uganda,5,6,,,,,,11
2016,Netherlands,Uganda,504,84,,,,,,588
2016,New Zealand,Uganda,3,,,,,,,3
2016,Norway,Uganda,120,11,,,,,,131
2016,Pakistan,Uganda,1,,,,,,,1
2016,Papua New Guinea,Uganda,1,,,,,,,1
2016,Peru,Uganda,1,,,,,,,1
2016,Poland,Uganda,6,3,,,,,,9
2016,Portugal,Uganda,3,,,,,,,3
2016,Rep. of Korea,Uganda,27,148,,,,,,175
2016,Rwanda,Uganda,5,,,,,,,5
2016,Senegal,Uganda,,1,,,,,,1
2016,Slovakia,Uganda,4,,,,,,,4
2016,Somalia,Uganda,3,1,,,,,,4
2016,South Africa,Uganda,552,842,,,,,,1394
2016,South Sudan,Uganda,2,1,,,,,,3
2016,Spain,Uganda,,5,,,,,,5
2016,Sudan,Uganda,3,,,,,,,3
2016,Swaziland,Uganda,6,1,,,,,,7
2016,Sweden,Uganda,639,116,,,,,,755
2016,Switzerland,Uganda,35,16,,,,,,51
2016,Turkey,Uganda,23,533,,,,,,556
2016,Uganda,Uganda,,,,,,,180000,180000
2016,Ukraine,Uganda,1,8,,,,,,9
2016,United Kingdom,Uganda,1115,177,,,,,,1292
2016,United States of America,Uganda,1268,1291,,,,,,2559
2016,Zambia,Uganda,105,1,,,,,,106
2016,Zimbabwe,Uganda,7,,,,,,1,8
2017,Angola,Uganda,6,6,,,,,,12
2017,Australia,Uganda,65,45,,,,,,110
2017,Austria,Uganda,23,21,,,,,,44
2017,Belgium,Uganda,20,10,,,,,,30
2017,Benin,Uganda,,*,,,,,,*
2017,Botswana,Uganda,21,,,,,,,21
2017,Brazil,Uganda,5,18,,,,,,23
2017,Bulgaria,Uganda,*,,,,,,,*
2017,Burundi,Uganda,7,,,,,,,7
2017,Cameroon,Uganda,*,,,,,,,*
2017,Canada,Uganda,541,189,,,,,,730
2017,Central African Rep.,Uganda,5,,,,,,,5
2017,China,Uganda,4,38,,,,,,42
2017,"China, Hong Kong SAR",Uganda,*,,,,,,,*
2017,Congo,Uganda,*,,,,,,*,*
2017,Croatia,Uganda,*,,,,,,,*
2017,Czech Rep.,Uganda,4,,,,,,,4
2017,Cote d'Ivoire,Uganda,,*,,,,,,*
2017,Dem. Rep. of the Congo,Uganda,25,4,,,,,,29
2017,Denmark,Uganda,75,30,,,,,,105
2017,Ecuador,Uganda,*,,,,,,,*
2017,Egypt,Uganda,10,18,,,,,,28
2017,Estonia,Uganda,,*,,,,,,*
2017,Ethiopia,Uganda,18,5,,,,,,23
2017,Finland,Uganda,27,8,,,,,,35
2017,France,Uganda,120,*,,,,,,123
2017,Germany,Uganda,160,292,,,,,,452
2017,Ghana,Uganda,5,*,,,,,,7
2017,Greece,Uganda,21,22,,,,,,43
2017,Grenada,Uganda,,*,,,,,,*
2017,Guinea,Uganda,*,,,,,,,*
2017,Hungary,Uganda,6,*,,,,,,7
2017,Iceland,Uganda,*,*,,,,,,*
2017,India,Uganda,,4,,,,,,4
2017,Indonesia,Uganda,*,*,,,,,,4
2017,Ireland,Uganda,42,12,,,,,,54
2017,Israel,Uganda,,26,,,,,,26
2017,Italy,Uganda,67,17,,,,,,84
2017,Japan,Uganda,,160,,,,,,160
2017,Jordan,Uganda,*,,,,,,,*
2017,Kenya,Uganda,626,1856,,,,,,2482
2017,Lesotho,Uganda,6,*,,,,,,7
2017,Liberia,Uganda,*,,,,,,,*
2017,Luxembourg,Uganda,*,,,,,,,*
2017,Malawi,Uganda,,8,,,,,,8
2017,Malaysia,Uganda,,12,,,,,,12
2017,Mexico,Uganda,,*,,,,,,*
2017,Mozambique,Uganda,7,15,,,,,,22
2017,Namibia,Uganda,5,10,,,,,,15
2017,Netherlands,Uganda,526,53,,,,,,579
2017,New Zealand,Uganda,*,,,,,,,*
2017,Norway,Uganda,119,6,,,,,,125
2017,Pakistan,Uganda,*,,,,,,,*
2017,Peru,Uganda,*,,,,,,,*
2017,Poland,Uganda,6,,,,,,,6
2017,Portugal,Uganda,*,,,,,,,*
2017,Rep. of Korea,Uganda,31,75,,,,,,106
2017,Rwanda,Uganda,4,,,,,,*,5
2017,Senegal,Uganda,,*,,,,,,*
2017,Slovakia,Uganda,4,,,,,,,4
2017,Somalia,Uganda,,*,,,,,,*
2017,South Africa,Uganda,549,4586,,,,,,5135
2017,South Sudan,Uganda,*,*,,,,,,*
2017,Spain,Uganda,*,5,,,,,,7
2017,Sudan,Uganda,*,,,,,,,*
2017,Swaziland,Uganda,6,*,,,,,,7
2017,Sweden,Uganda,669,98,,,,,,767
2017,Switzerland,Uganda,40,18,,,,,,58
2017,Turkey,Uganda,24,487,,,,,,511
2017,Uganda,Uganda,,,*,,,,180000,180002
2017,Ukraine,Uganda,*,4,,,,,,5
2017,United Arab Emirates,Uganda,*,,,,,,,*
2017,United Kingdom,Uganda,1156,163,,,,,,1319
2017,United States of America,Uganda,1301,1821,,,,,,3122
2017,Zambia,Uganda,21,,,,,,,21
2017,Zimbabwe,Uganda,8,*,,,,,*,13
