Year,Country / territory of asylum/residence,Origin,Population type,Value
1961,Uganda,Rwanda,Refugees (incl. refugee-like situations),52000
1962,Uganda,Rwanda,Refugees (incl. refugee-like situations),52000
1963,Uganda,Rwanda,Refugees (incl. refugee-like situations),54000
1963,Uganda,Sudan,Refugees (incl. refugee-like situations),5000
1964,Uganda,Dem. Rep. of the Congo,Refugees (incl. refugee-like situations),34000
1964,Uganda,Rwanda,Refugees (incl. refugee-like situations),67000
1964,Uganda,Sudan,Refugees (incl. refugee-like situations),12000
1965,Uganda,Congo,Returned refugees,17000
1965,Uganda,Dem. Rep. of the Congo,Refugees (incl. refugee-like situations),28000
1965,Uganda,Rwanda,Refugees (incl. refugee-like situations),65400
1965,Uganda,Sudan,Refugees (incl. refugee-like situations),44000
1966,Uganda,Dem. Rep. of the Congo,Refugees (incl. refugee-like situations),33000
1966,Uganda,Rwanda,Refugees (incl. refugee-like situations),68000
1966,Uganda,Sudan,Refugees (incl. refugee-like situations),55000
1966,Uganda,Sudan,Returned refugees,1000
1967,Uganda,Dem. Rep. of the Congo,Refugees (incl. refugee-like situations),34140
1967,Uganda,Rwanda,Refugees (incl. refugee-like situations),68630
1967,Uganda,Sudan,Refugees (incl. refugee-like situations),59990
1968,Uganda,Dem. Rep. of the Congo,Refugees (incl. refugee-like situations),34430
1968,Uganda,Rwanda,Refugees (incl. refugee-like situations),69800
1968,Uganda,Sudan,Refugees (incl. refugee-like situations),71500
1969,Uganda,Congo,Returned refugees,90
1969,Uganda,Dem. Rep. of the Congo,Refugees (incl. refugee-like situations),34530
1969,Uganda,Rwanda,Refugees (incl. refugee-like situations),71230
1969,Uganda,Sudan,Refugees (incl. refugee-like situations),71500
1969,Uganda,Sudan,Returned refugees,300
1970,Uganda,Congo,Returned refugees,210
1970,Uganda,Dem. Rep. of the Congo,Refugees (incl. refugee-like situations),33730
1970,Uganda,Rwanda,Refugees (incl. refugee-like situations),72000
1970,Uganda,Rwanda,Returned refugees,60
1970,Uganda,Sudan,Refugees (incl. refugee-like situations),74000
1970,Uganda,Sudan,Returned refugees,300
1970,Uganda,Various/Unknown,Refugees (incl. refugee-like situations),70
1971,Uganda,Dem. Rep. of the Congo,Refugees (incl. refugee-like situations),33620
1971,Uganda,Dem. Rep. of the Congo,Returned refugees,360
1971,Uganda,Rwanda,Refugees (incl. refugee-like situations),72000
1971,Uganda,Rwanda,Returned refugees,340
1971,Uganda,Sudan,Refugees (incl. refugee-like situations),75300
1971,Uganda,Sudan,Returned refugees,940
1972,Uganda,Dem. Rep. of the Congo,Refugees (incl. refugee-like situations),34300
1972,Uganda,Dem. Rep. of the Congo,Returned refugees,200
1972,Uganda,Rwanda,Refugees (incl. refugee-like situations),72860
1972,Uganda,Rwanda,Returned refugees,340
1972,Uganda,Sudan,Refugees (incl. refugee-like situations),59400
1972,Uganda,Sudan,Returned refugees,17800
1973,Uganda,Dem. Rep. of the Congo,Refugees (incl. refugee-like situations),34300
1973,Uganda,Rwanda,Refugees (incl. refugee-like situations),73920
1973,Uganda,Rwanda,Returned refugees,600
1973,Uganda,Sudan,Refugees (incl. refugee-like situations),5680
1973,Uganda,Sudan,Returned refugees,53750
1974,Uganda,Dem. Rep. of the Congo,Refugees (incl. refugee-like situations),34390
1974,Uganda,Rwanda,Refugees (incl. refugee-like situations),78040
1974,Uganda,Rwanda,Returned refugees,100
1974,Uganda,Sudan,Refugees (incl. refugee-like situations),6000
1974,Uganda,United Rep. of Tanzania,Refugees (incl. refugee-like situations),80
1975,Uganda,Dem. Rep. of the Congo,Refugees (incl. refugee-like situations),34450
1975,Uganda,Rwanda,Refugees (incl. refugee-like situations),78120
1975,Uganda,Various/Unknown,Refugees (incl. refugee-like situations),60
1976,Uganda,Dem. Rep. of the Congo,Refugees (incl. refugee-like situations),34230
1976,Uganda,Ethiopia,Refugees (incl. refugee-like situations),70
1976,Uganda,Rwanda,Refugees (incl. refugee-like situations),78480
1976,Uganda,Rwanda,Returned refugees,200
1976,Uganda,United Rep. of Tanzania,Refugees (incl. refugee-like situations),90
1976,Uganda,Various/Unknown,Refugees (incl. refugee-like situations),60
1977,Uganda,Dem. Rep. of the Congo,Refugees (incl. refugee-like situations),34710
1977,Uganda,Ethiopia,Refugees (incl. refugee-like situations),500
1977,Uganda,Kenya,Refugees (incl. refugee-like situations),1200
1977,Uganda,Rwanda,Refugees (incl. refugee-like situations),76840
1977,Uganda,South Africa,Refugees (incl. refugee-like situations),80
1977,Uganda,Various/Unknown,Refugees (incl. refugee-like situations),120
1977,Uganda,Zimbabwe,Refugees (incl. refugee-like situations),120
1978,Uganda,Dem. Rep. of the Congo,Refugees (incl. refugee-like situations),34700
1978,Uganda,Ethiopia,Refugees (incl. refugee-like situations),500
1978,Uganda,Kenya,Refugees (incl. refugee-like situations),80
1978,Uganda,Rwanda,Refugees (incl. refugee-like situations),78000
1978,Uganda,Various/Unknown,Refugees (incl. refugee-like situations),400
1979,Uganda,Dem. Rep. of the Congo,Refugees (incl. refugee-like situations),34000
1979,Uganda,Ethiopia,Refugees (incl. refugee-like situations),200
1979,Uganda,Kenya,Refugees (incl. refugee-like situations),80
1979,Uganda,Rwanda,Refugees (incl. refugee-like situations),78000
1979,Uganda,Various/Unknown,Refugees (incl. refugee-like situations),400
1980,Uganda,Dem. Rep. of the Congo,Refugees (incl. refugee-like situations),32000
1980,Uganda,Ethiopia,Refugees (incl. refugee-like situations),1000
1980,Uganda,Rwanda,Refugees (incl. refugee-like situations),80000
1981,Uganda,Dem. Rep. of the Congo,Refugees (incl. refugee-like situations),32000
1981,Uganda,Dem. Rep. of the Congo,Returned refugees,50
1981,Uganda,Rwanda,Refugees (incl. refugee-like situations),80000
1981,Uganda,Rwanda,Returned refugees,7050
1981,Uganda,Sudan,Returned refugees,130
1981,Uganda,Various/Unknown,Refugees (incl. refugee-like situations),1000
1982,Uganda,Dem. Rep. of the Congo,Refugees (incl. refugee-like situations),32000
1982,Uganda,Rwanda,Refugees (incl. refugee-like situations),80000
1982,Uganda,Various/Unknown,Refugees (incl. refugee-like situations),1000
1983,Uganda,Dem. Rep. of the Congo,Refugees (incl. refugee-like situations),31350
1983,Uganda,Rwanda,Refugees (incl. refugee-like situations),80320
1983,Uganda,Various/Unknown,Refugees (incl. refugee-like situations),21300
1984,Uganda,Dem. Rep. of the Congo,Refugees (incl. refugee-like situations),31350
1984,Uganda,Rwanda,Refugees (incl. refugee-like situations),115350
1984,Uganda,Various/Unknown,Refugees (incl. refugee-like situations),4300
1984,Uganda,Various/Unknown,Returned refugees,60
1985,Uganda,Dem. Rep. of the Congo,Refugees (incl. refugee-like situations),32700
1985,Uganda,Rwanda,Refugees (incl. refugee-like situations),118000
1985,Uganda,Various/Unknown,Refugees (incl. refugee-like situations),300
1986,Uganda,Dem. Rep. of the Congo,Refugees (incl. refugee-like situations),30800
1986,Uganda,Ethiopia,Refugees (incl. refugee-like situations),80
1986,Uganda,Rwanda,Refugees (incl. refugee-like situations),111600
1986,Uganda,Sudan,Refugees (incl. refugee-like situations),680
1986,Uganda,Various/Unknown,Refugees (incl. refugee-like situations),900
1987,Uganda,Dem. Rep. of the Congo,Refugees (incl. refugee-like situations),1640
1987,Uganda,Ethiopia,Refugees (incl. refugee-like situations),110
1987,Uganda,Rwanda,Refugees (incl. refugee-like situations),83860
1987,Uganda,Sudan,Refugees (incl. refugee-like situations),3010
1987,Uganda,Various/Unknown,Refugees (incl. refugee-like situations),50
1988,Uganda,Dem. Rep. of the Congo,Refugees (incl. refugee-like situations),1300
1988,Uganda,Rwanda,Refugees (incl. refugee-like situations),83588
1988,Uganda,Sudan,Refugees (incl. refugee-like situations),18000
1988,Uganda,Various/Unknown,Refugees (incl. refugee-like situations),214
1989,Uganda,Dem. Rep. of the Congo,Refugees (incl. refugee-like situations),1352
1989,Uganda,Rwanda,Refugees (incl. refugee-like situations),75553
1989,Uganda,Sudan,Refugees (incl. refugee-like situations),52979
1989,Uganda,Various/Unknown,Refugees (incl. refugee-like situations),77
1990,Uganda,Dem. Rep. of the Congo,Refugees (incl. refugee-like situations),1322
1990,Uganda,Rwanda,Refugees (incl. refugee-like situations),82156
1990,Uganda,Sudan,Refugees (incl. refugee-like situations),61960
1990,Uganda,Various/Unknown,Refugees (incl. refugee-like situations),280
1990,Uganda,Various/Unknown,Returned refugees,60
1991,Uganda,Dem. Rep. of the Congo,Refugees (incl. refugee-like situations),624
1991,Uganda,Rwanda,Refugees (incl. refugee-like situations),84010
1991,Uganda,Somalia,Refugees (incl. refugee-like situations),200
1991,Uganda,Sudan,Refugees (incl. refugee-like situations),77142
1991,Uganda,Various/Unknown,Refugees (incl. refugee-like situations),545
1991,Uganda,Various/Unknown,Returned refugees,130
1992,Uganda,Dem. Rep. of the Congo,Refugees (incl. refugee-like situations),15624
1992,Uganda,Dem. Rep. of the Congo,Returned refugees,15000
1992,Uganda,Rwanda,Refugees (incl. refugee-like situations),85806
1992,Uganda,Somalia,Refugees (incl. refugee-like situations),2030
1992,Uganda,Sudan,Refugees (incl. refugee-like situations),92110
1992,Uganda,Various/Unknown,Refugees (incl. refugee-like situations),720
1992,Uganda,Various/Unknown,Returned refugees,350
1993,Uganda,Dem. Rep. of the Congo,Refugees (incl. refugee-like situations),4500
1993,Uganda,Rwanda,Refugees (incl. refugee-like situations),97000
1993,Uganda,Somalia,Refugees (incl. refugee-like situations),2300
1993,Uganda,Sudan,Refugees (incl. refugee-like situations),180000
1993,Uganda,Various/Unknown,Refugees (incl. refugee-like situations),2700
1994,Uganda,Dem. Rep. of the Congo,Refugees (incl. refugee-like situations),4500
1994,Uganda,Rwanda,Refugees (incl. refugee-like situations),97000
1994,Uganda,Rwanda,Returned refugees,210000
1994,Uganda,Somalia,Refugees (incl. refugee-like situations),2300
1994,Uganda,Sudan,Refugees (incl. refugee-like situations),180000
1994,Uganda,Various/Unknown,Refugees (incl. refugee-like situations),2700
1995,Uganda,Burundi,Refugees (incl. refugee-like situations),2
1995,Uganda,Dem. Rep. of the Congo,Refugees (incl. refugee-like situations),12313
1995,Uganda,Ethiopia,Refugees (incl. refugee-like situations),22
1995,Uganda,Kenya,Refugees (incl. refugee-like situations),44
1995,Uganda,Liberia,Refugees (incl. refugee-like situations),10
1995,Uganda,Rwanda,Refugees (incl. refugee-like situations),6450
1995,Uganda,Rwanda,Returned refugees,99753
1995,Uganda,Somalia,Refugees (incl. refugee-like situations),649
1995,Uganda,Sudan,Refugees (incl. refugee-like situations),209860
1995,Uganda,Sudan,Returned refugees,4
1995,Uganda,Various/Unknown,Returned refugees,18
1996,Uganda,Burundi,Refugees (incl. refugee-like situations),3
1996,Uganda,Dem. Rep. of the Congo,Refugees (incl. refugee-like situations),28611
1996,Uganda,Ethiopia,Refugees (incl. refugee-like situations),30
1996,Uganda,Kenya,Refugees (incl. refugee-like situations),46
1996,Uganda,Liberia,Refugees (incl. refugee-like situations),2
1996,Uganda,Rwanda,Refugees (incl. refugee-like situations),11236
1996,Uganda,Rwanda,Returned refugees,245
1996,Uganda,Somalia,Refugees (incl. refugee-like situations),646
1996,Uganda,Sudan,Refugees (incl. refugee-like situations),223720
1996,Uganda,Sudan,Returned refugees,1
1997,Uganda,Burundi,Refugees (incl. refugee-like situations),13
1997,Uganda,Dem. Rep. of the Congo,Refugees (incl. refugee-like situations),14246
1997,Uganda,Dem. Rep. of the Congo,Returned refugees,14130
1997,Uganda,Ethiopia,Refugees (incl. refugee-like situations),25
1997,Uganda,Iraq,Refugees (incl. refugee-like situations),9
1997,Uganda,Kenya,Refugees (incl. refugee-like situations),52
1997,Uganda,Kenya,Returned refugees,6
1997,Uganda,Liberia,Refugees (incl. refugee-like situations),1
1997,Uganda,Rwanda,Refugees (incl. refugee-like situations),12200
1997,Uganda,Rwanda,Returned refugees,8813
1997,Uganda,Somalia,Refugees (incl. refugee-like situations),1602
1997,Uganda,Sudan,Refugees (incl. refugee-like situations),160365
1997,Uganda,Sudan,Returned refugees,63310
1998,Uganda,Burundi,Refugees (incl. refugee-like situations),10
1998,Uganda,Burundi,Returned refugees,2
1998,Uganda,Dem. Rep. of the Congo,Refugees (incl. refugee-like situations),5350
1998,Uganda,Dem. Rep. of the Congo,Returned refugees,9545
1998,Uganda,Eritrea,Refugees (incl. refugee-like situations),2
1998,Uganda,Ethiopia,Refugees (incl. refugee-like situations),42
1998,Uganda,Iraq,Refugees (incl. refugee-like situations),9
1998,Uganda,Kenya,Refugees (incl. refugee-like situations),42
1998,Uganda,Kenya,Returned refugees,10
1998,Uganda,Liberia,Returned refugees,1
1998,Uganda,Rwanda,Refugees (incl. refugee-like situations),7497
1998,Uganda,Rwanda,Returned refugees,4358
1998,Uganda,Somalia,Refugees (incl. refugee-like situations),1753
1998,Uganda,Sudan,Refugees (incl. refugee-like situations),189840
1999,Uganda,Burundi,Refugees (incl. refugee-like situations),81
1999,Uganda,Dem. Rep. of the Congo,Refugees (incl. refugee-like situations),7987
1999,Uganda,Eritrea,Refugees (incl. refugee-like situations),16
1999,Uganda,Ethiopia,Refugees (incl. refugee-like situations),190
1999,Uganda,Iraq,Refugees (incl. refugee-like situations),9
1999,Uganda,Kenya,Refugees (incl. refugee-like situations),89
1999,Uganda,Rwanda,Refugees (incl. refugee-like situations),7983
1999,Uganda,Rwanda,Returned refugees,501
1999,Uganda,Somalia,Refugees (incl. refugee-like situations),1271
1999,Uganda,Somalia,Returned refugees,720
1999,Uganda,Sudan,Refugees (incl. refugee-like situations),200565
1999,Uganda,Sudan,Returned refugees,4
2000,Uganda,Burundi,Refugees (incl. refugee-like situations),118
2000,Uganda,Burundi,Asylum-seekers,48
2000,Uganda,Chad,Refugees (incl. refugee-like situations),3
2000,Uganda,Chad,Asylum-seekers,2
2000,Uganda,Dem. Rep. of the Congo,Refugees (incl. refugee-like situations),9019
2000,Uganda,Dem. Rep. of the Congo,Asylum-seekers,1271
2000,Uganda,Dem. Rep. of the Congo,Returned refugees,1
2000,Uganda,Eritrea,Refugees (incl. refugee-like situations),27
2000,Uganda,Eritrea,Asylum-seekers,12
2000,Uganda,Ethiopia,Refugees (incl. refugee-like situations),208
2000,Uganda,Ethiopia,Asylum-seekers,75
2000,Uganda,Ethiopia,Returned refugees,2
2000,Uganda,India,Asylum-seekers,1
2000,Uganda,Iran (Islamic Rep. of),Asylum-seekers,1
2000,Uganda,Iraq,Refugees (incl. refugee-like situations),8
2000,Uganda,Kenya,Refugees (incl. refugee-like situations),100
2000,Uganda,Kenya,Asylum-seekers,14
2000,Uganda,Liberia,Asylum-seekers,4
2000,Uganda,Nigeria,Refugees (incl. refugee-like situations),1
2000,Uganda,Pakistan,Refugees (incl. refugee-like situations),1
2000,Uganda,Pakistan,Asylum-seekers,2
2000,Uganda,Rwanda,Refugees (incl. refugee-like situations),13740
2000,Uganda,Rwanda,Asylum-seekers,268
2000,Uganda,Rwanda,Returned refugees,257
2000,Uganda,Serbia and Kosovo (S/RES/1244 (1999)),Refugees (incl. refugee-like situations),4
2000,Uganda,Somalia,Refugees (incl. refugee-like situations),1236
2000,Uganda,Somalia,Asylum-seekers,133
2000,Uganda,Sri Lanka,Refugees (incl. refugee-like situations),1
2000,Uganda,Sri Lanka,Asylum-seekers,1
2000,Uganda,Sudan,Refugees (incl. refugee-like situations),212156
2000,Uganda,Sudan,Asylum-seekers,640
2000,Uganda,Sudan,Returned refugees,12
2000,Uganda,Various/Unknown,Asylum-seekers,1
2001,Uganda,Burundi,Refugees (incl. refugee-like situations),94
2001,Uganda,Burundi,Asylum-seekers,54
2001,Uganda,Chad,Asylum-seekers,4
2001,Uganda,Dem. Rep. of the Congo,Refugees (incl. refugee-like situations),7613
2001,Uganda,Dem. Rep. of the Congo,Asylum-seekers,226
2001,Uganda,Eritrea,Refugees (incl. refugee-like situations),3
2001,Uganda,Eritrea,Asylum-seekers,9
2001,Uganda,Ethiopia,Refugees (incl. refugee-like situations),35
2001,Uganda,Ethiopia,Asylum-seekers,42
2001,Uganda,Kenya,Refugees (incl. refugee-like situations),115
2001,Uganda,Kenya,Asylum-seekers,8
2001,Uganda,Nigeria,Refugees (incl. refugee-like situations),1
2001,Uganda,Pakistan,Asylum-seekers,6
2001,Uganda,Rwanda,Refugees (incl. refugee-like situations),14288
2001,Uganda,Rwanda,Asylum-seekers,90
2001,Uganda,Rwanda,Returned refugees,32
2001,Uganda,Sierra Leone,Refugees (incl. refugee-like situations),1
2001,Uganda,Somalia,Refugees (incl. refugee-like situations),819
2001,Uganda,Somalia,Asylum-seekers,100
2001,Uganda,Sri Lanka,Refugees (incl. refugee-like situations),1
2001,Uganda,Sri Lanka,Asylum-seekers,4
2001,Uganda,Sudan,Refugees (incl. refugee-like situations),176766
2001,Uganda,Sudan,Asylum-seekers,84
2002,Uganda,Burundi,Refugees (incl. refugee-like situations),245
2002,Uganda,Burundi,Asylum-seekers,20
2002,Uganda,Burundi,Returned refugees,5
2002,Uganda,Chad,Asylum-seekers,4
2002,Uganda,Dem. Rep. of the Congo,Refugees (incl. refugee-like situations),8848
2002,Uganda,Dem. Rep. of the Congo,Asylum-seekers,182
2002,Uganda,Dem. Rep. of the Congo,Returned refugees,2
2002,Uganda,Eritrea,Refugees (incl. refugee-like situations),3
2002,Uganda,Eritrea,Asylum-seekers,18
2002,Uganda,Ethiopia,Refugees (incl. refugee-like situations),60
2002,Uganda,Ethiopia,Asylum-seekers,40
2002,Uganda,Kenya,Refugees (incl. refugee-like situations),133
2002,Uganda,Liberia,Asylum-seekers,2
2002,Uganda,Nigeria,Refugees (incl. refugee-like situations),2
2002,Uganda,Pakistan,Asylum-seekers,4
2002,Uganda,Rwanda,Refugees (incl. refugee-like situations),18937
2002,Uganda,Rwanda,Asylum-seekers,72
2002,Uganda,Rwanda,Returned refugees,17
2002,Uganda,Sierra Leone,Refugees (incl. refugee-like situations),1
2002,Uganda,Somalia,Refugees (incl. refugee-like situations),879
2002,Uganda,Somalia,Asylum-seekers,125
2002,Uganda,Sri Lanka,Asylum-seekers,4
2002,Uganda,Sudan,Refugees (incl. refugee-like situations),188194
2002,Uganda,Sudan,Asylum-seekers,72
2002,Uganda,Sudan,Returned refugees,17
2002,Uganda,United Rep. of Tanzania,Asylum-seekers,1
2003,Uganda,Burundi,Refugees (incl. refugee-like situations),317
2003,Uganda,Burundi,Asylum-seekers,47
2003,Uganda,Burundi,Returned refugees,1
2003,Uganda,Chad,Asylum-seekers,4
2003,Uganda,Dem. Rep. of the Congo,Refugees (incl. refugee-like situations),11680
2003,Uganda,Dem. Rep. of the Congo,Asylum-seekers,149
2003,Uganda,Dem. Rep. of the Congo,Returned refugees,27
2003,Uganda,Eritrea,Refugees (incl. refugee-like situations),10
2003,Uganda,Eritrea,Asylum-seekers,23
2003,Uganda,Ethiopia,Refugees (incl. refugee-like situations),70
2003,Uganda,Ethiopia,Asylum-seekers,111
2003,Uganda,Ethiopia,Returned refugees,1
2003,Uganda,Kenya,Refugees (incl. refugee-like situations),39
2003,Uganda,Kenya,Asylum-seekers,1
2003,Uganda,Kenya,Returned refugees,104
2003,Uganda,Liberia,Refugees (incl. refugee-like situations),6
2003,Uganda,Liberia,Asylum-seekers,2
2003,Uganda,Nigeria,Refugees (incl. refugee-like situations),3
2003,Uganda,Nigeria,Asylum-seekers,1
2003,Uganda,Rwanda,Refugees (incl. refugee-like situations),19604
2003,Uganda,Rwanda,Asylum-seekers,182
2003,Uganda,Rwanda,Returned refugees,41
2003,Uganda,Sierra Leone,Refugees (incl. refugee-like situations),1
2003,Uganda,Somalia,Refugees (incl. refugee-like situations),892
2003,Uganda,Somalia,Asylum-seekers,135
2003,Uganda,Sudan,Refugees (incl. refugee-like situations),198281
2003,Uganda,Sudan,Asylum-seekers,71
2003,Uganda,Sudan,Returned refugees,5
2004,Uganda,Angola,Refugees (incl. refugee-like situations),1
2004,Uganda,Burundi,Refugees (incl. refugee-like situations),663
2004,Uganda,Burundi,Asylum-seekers,116
2004,Uganda,Burundi,Returned refugees,14
2004,Uganda,Central African Rep.,Refugees (incl. refugee-like situations),1
2004,Uganda,Dem. Rep. of the Congo,Refugees (incl. refugee-like situations),14982
2004,Uganda,Dem. Rep. of the Congo,Asylum-seekers,336
2004,Uganda,Dem. Rep. of the Congo,Returned refugees,34
2004,Uganda,Eritrea,Refugees (incl. refugee-like situations),12
2004,Uganda,Eritrea,Asylum-seekers,139
2004,Uganda,Ethiopia,Refugees (incl. refugee-like situations),116
2004,Uganda,Ethiopia,Asylum-seekers,233
2004,Uganda,Ethiopia,Returned refugees,1
2004,Uganda,Iran (Islamic Rep. of),Asylum-seekers,1
2004,Uganda,Kenya,Refugees (incl. refugee-like situations),32
2004,Uganda,Kenya,Asylum-seekers,1
2004,Uganda,Kenya,Returned refugees,1
2004,Uganda,Liberia,Refugees (incl. refugee-like situations),8
2004,Uganda,Liberia,Asylum-seekers,4
2004,Uganda,Madagascar,Asylum-seekers,1
2004,Uganda,Malawi,Refugees (incl. refugee-like situations),1
2004,Uganda,Nigeria,Refugees (incl. refugee-like situations),1
2004,Uganda,Nigeria,Asylum-seekers,1
2004,Uganda,Rwanda,Refugees (incl. refugee-like situations),18902
2004,Uganda,Rwanda,Asylum-seekers,287
2004,Uganda,Rwanda,Returned refugees,2568
2004,Uganda,Somalia,Refugees (incl. refugee-like situations),1089
2004,Uganda,Somalia,Asylum-seekers,562
2004,Uganda,South Africa,Refugees (incl. refugee-like situations),1
2004,Uganda,Sudan,Refugees (incl. refugee-like situations),214673
2004,Uganda,Sudan,Asylum-seekers,123
2004,Uganda,Sudan,Returned refugees,59
2004,Uganda,United Rep. of Tanzania,Asylum-seekers,5
2005,Uganda,Burundi,Refugees (incl. refugee-like situations),1660
2005,Uganda,Burundi,Asylum-seekers,116
2005,Uganda,Burundi,Returned refugees,17
2005,Uganda,Central African Rep.,Refugees (incl. refugee-like situations),8
2005,Uganda,Congo,Refugees (incl. refugee-like situations),6
2005,Uganda,Dem. Rep. of the Congo,Refugees (incl. refugee-like situations),20564
2005,Uganda,Dem. Rep. of the Congo,Asylum-seekers,336
2005,Uganda,Dem. Rep. of the Congo,Returned refugees,1
2005,Uganda,Eritrea,Refugees (incl. refugee-like situations),4
2005,Uganda,Eritrea,Asylum-seekers,139
2005,Uganda,Ethiopia,Refugees (incl. refugee-like situations),99
2005,Uganda,Ethiopia,Asylum-seekers,233
2005,Uganda,Iran (Islamic Rep. of),Asylum-seekers,1
2005,Uganda,Kenya,Refugees (incl. refugee-like situations),29
2005,Uganda,Kenya,Asylum-seekers,1
2005,Uganda,Liberia,Refugees (incl. refugee-like situations),1
2005,Uganda,Liberia,Asylum-seekers,4
2005,Uganda,Liberia,Returned refugees,1
2005,Uganda,Madagascar,Asylum-seekers,1
2005,Uganda,Malawi,Refugees (incl. refugee-like situations),1
2005,Uganda,Nigeria,Refugees (incl. refugee-like situations),2
2005,Uganda,Nigeria,Asylum-seekers,1
2005,Uganda,Rwanda,Refugees (incl. refugee-like situations),20213
2005,Uganda,Rwanda,Asylum-seekers,287
2005,Uganda,Rwanda,Returned refugees,1586
2005,Uganda,Somalia,Refugees (incl. refugee-like situations),1811
2005,Uganda,Somalia,Asylum-seekers,562
2005,Uganda,Sudan,Refugees (incl. refugee-like situations),212857
2005,Uganda,Sudan,Asylum-seekers,123
2005,Uganda,Sudan,Returned refugees,31
2005,Uganda,United Rep. of Tanzania,Refugees (incl. refugee-like situations),1
2005,Uganda,United Rep. of Tanzania,Asylum-seekers,5
2006,Uganda,Burundi,Refugees (incl. refugee-like situations),1741
2006,Uganda,Burundi,Asylum-seekers,887
2006,Uganda,Burundi,Returned refugees,18
2006,Uganda,Central African Rep.,Refugees (incl. refugee-like situations),9
2006,Uganda,Dem. Rep. of the Congo,Refugees (incl. refugee-like situations),28766
2006,Uganda,Dem. Rep. of the Congo,Returned refugees,8
2006,Uganda,Eritrea,Refugees (incl. refugee-like situations),6
2006,Uganda,Eritrea,Asylum-seekers,428
2006,Uganda,Ethiopia,Refugees (incl. refugee-like situations),128
2006,Uganda,Ethiopia,Asylum-seekers,309
2006,Uganda,Guinea,Refugees (incl. refugee-like situations),6
2006,Uganda,Guinea,Asylum-seekers,4
2006,Uganda,Kenya,Refugees (incl. refugee-like situations),49
2006,Uganda,Kenya,Asylum-seekers,6
2006,Uganda,Liberia,Refugees (incl. refugee-like situations),1
2006,Uganda,Malawi,Refugees (incl. refugee-like situations),1
2006,Uganda,Nigeria,Refugees (incl. refugee-like situations),2
2006,Uganda,Pakistan,Asylum-seekers,7
2006,Uganda,Palestinian,Refugees (incl. refugee-like situations),3
2006,Uganda,Rwanda,Refugees (incl. refugee-like situations),21866
2006,Uganda,Rwanda,Asylum-seekers,3068
2006,Uganda,Rwanda,Returned refugees,56
2006,Uganda,Sierra Leone,Refugees (incl. refugee-like situations),1
2006,Uganda,Sierra Leone,Asylum-seekers,1
2006,Uganda,Somalia,Refugees (incl. refugee-like situations),3752
2006,Uganda,Somalia,Asylum-seekers,1055
2006,Uganda,Sudan,Refugees (incl. refugee-like situations),215675
2006,Uganda,Sudan,Asylum-seekers,47
2006,Uganda,Sudan,Returned refugees,5835
2006,Uganda,Uganda,Internally displaced persons,1586174
2006,Uganda,Uganda,Returned IDPs,300000
2006,Uganda,United Rep. of Tanzania,Refugees (incl. refugee-like situations),1
2007,Uganda,Burundi,Refugees (incl. refugee-like situations),2224
2007,Uganda,Burundi,Asylum-seekers,887
2007,Uganda,Central African Rep.,Refugees (incl. refugee-like situations),9
2007,Uganda,Dem. Rep. of the Congo,Refugees (incl. refugee-like situations),41782
2007,Uganda,Dem. Rep. of the Congo,Returned refugees,158
2007,Uganda,Eritrea,Refugees (incl. refugee-like situations),139
2007,Uganda,Eritrea,Asylum-seekers,425
2007,Uganda,Ethiopia,Refugees (incl. refugee-like situations),249
2007,Uganda,Ethiopia,Asylum-seekers,276
2007,Uganda,Guinea,Refugees (incl. refugee-like situations),6
2007,Uganda,Guinea,Asylum-seekers,4
2007,Uganda,Kenya,Refugees (incl. refugee-like situations),54
2007,Uganda,Kenya,Asylum-seekers,6
2007,Uganda,Malawi,Refugees (incl. refugee-like situations),1
2007,Uganda,Nigeria,Refugees (incl. refugee-like situations),2
2007,Uganda,Pakistan,Refugees (incl. refugee-like situations),6
2007,Uganda,Pakistan,Asylum-seekers,7
2007,Uganda,Palestinian,Refugees (incl. refugee-like situations),3
2007,Uganda,Rwanda,Refugees (incl. refugee-like situations),17846
2007,Uganda,Rwanda,Asylum-seekers,3068
2007,Uganda,Sierra Leone,Refugees (incl. refugee-like situations),1
2007,Uganda,Sierra Leone,Asylum-seekers,1
2007,Uganda,Somalia,Refugees (incl. refugee-like situations),4573
2007,Uganda,Somalia,Asylum-seekers,1055
2007,Uganda,Sudan,Refugees (incl. refugee-like situations),162063
2007,Uganda,Sudan,Asylum-seekers,47
2007,Uganda,Sudan,Returned refugees,76575
2007,Uganda,Uganda,Internally displaced persons,1235992
2007,Uganda,Uganda,Returned IDPs,579000
2007,Uganda,United Rep. of Tanzania,Refugees (incl. refugee-like situations),1
2008,Uganda,Burundi,Refugees (incl. refugee-like situations),3183
2008,Uganda,Burundi,Asylum-seekers,343
2008,Uganda,Burundi,Returned refugees,246
2008,Uganda,Canada,Refugees (incl. refugee-like situations),1
2008,Uganda,Central African Rep.,Refugees (incl. refugee-like situations),8
2008,Uganda,Chad,Asylum-seekers,10
2008,Uganda,Congo,Refugees (incl. refugee-like situations),3
2008,Uganda,Cote d'Ivoire,Asylum-seekers,1
2008,Uganda,Dem. Rep. of the Congo,Refugees (incl. refugee-like situations),76498
2008,Uganda,Dem. Rep. of the Congo,Asylum-seekers,2497
2008,Uganda,Dem. Rep. of the Congo,Returned refugees,14327
2008,Uganda,Eritrea,Refugees (incl. refugee-like situations),796
2008,Uganda,Eritrea,Asylum-seekers,1900
2008,Uganda,Eritrea,Returned refugees,87
2008,Uganda,Ethiopia,Refugees (incl. refugee-like situations),581
2008,Uganda,Ethiopia,Asylum-seekers,676
2008,Uganda,Ethiopia,Returned refugees,91
2008,Uganda,Greece,Refugees (incl. refugee-like situations),1
2008,Uganda,Guinea,Asylum-seekers,4
2008,Uganda,Guinea,Returned refugees,5
2008,Uganda,Iran (Islamic Rep. of),Asylum-seekers,1
2008,Uganda,Iraq,Asylum-seekers,3
2008,Uganda,Kenya,Refugees (incl. refugee-like situations),1908
2008,Uganda,Kenya,Asylum-seekers,143
2008,Uganda,Kenya,Returned refugees,720
2008,Uganda,Liberia,Refugees (incl. refugee-like situations),3
2008,Uganda,Malawi,Refugees (incl. refugee-like situations),1
2008,Uganda,Nigeria,Returned refugees,2
2008,Uganda,Pakistan,Refugees (incl. refugee-like situations),18
2008,Uganda,Pakistan,Asylum-seekers,7
2008,Uganda,Pakistan,Returned refugees,4
2008,Uganda,Palestinian,Returned refugees,3
2008,Uganda,Rwanda,Refugees (incl. refugee-like situations),16162
2008,Uganda,Rwanda,Asylum-seekers,1099
2008,Uganda,Rwanda,Returned refugees,3174
2008,Uganda,Sierra Leone,Refugees (incl. refugee-like situations),1
2008,Uganda,Sierra Leone,Asylum-seekers,3
2008,Uganda,Sierra Leone,Returned refugees,1
2008,Uganda,Somalia,Refugees (incl. refugee-like situations),6085
2008,Uganda,Somalia,Asylum-seekers,2154
2008,Uganda,Somalia,Returned refugees,1318
2008,Uganda,Sudan,Refugees (incl. refugee-like situations),56883
2008,Uganda,Sudan,Asylum-seekers,399
2008,Uganda,Sudan,Returned refugees,46858
2008,Uganda,Uganda,Internally displaced persons,853000
2008,Uganda,Uganda,Returned IDPs,603000
2008,Uganda,United Rep. of Tanzania,Asylum-seekers,3
2009,Uganda,Bangladesh,Asylum-seekers,3
2009,Uganda,Burundi,Refugees (incl. refugee-like situations),3777
2009,Uganda,Burundi,Asylum-seekers,890
2009,Uganda,Burundi,Returned refugees,115
2009,Uganda,Cameroon,Asylum-seekers,1
2009,Uganda,Canada,Refugees (incl. refugee-like situations),1
2009,Uganda,Central African Rep.,Refugees (incl. refugee-like situations),9
2009,Uganda,Chad,Refugees (incl. refugee-like situations),1
2009,Uganda,Chad,Asylum-seekers,11
2009,Uganda,Congo,Refugees (incl. refugee-like situations),4
2009,Uganda,Congo,Asylum-seekers,1
2009,Uganda,Cote d'Ivoire,Asylum-seekers,1
2009,Uganda,Dem. Rep. of the Congo,Refugees (incl. refugee-like situations),73175
2009,Uganda,Dem. Rep. of the Congo,Asylum-seekers,3013
2009,Uganda,Dem. Rep. of the Congo,Returned refugees,25616
2009,Uganda,Eritrea,Refugees (incl. refugee-like situations),3046
2009,Uganda,Eritrea,Asylum-seekers,1586
2009,Uganda,Ethiopia,Refugees (incl. refugee-like situations),891
2009,Uganda,Ethiopia,Asylum-seekers,753
2009,Uganda,Greece,Refugees (incl. refugee-like situations),1
2009,Uganda,Guinea,Asylum-seekers,4
2009,Uganda,Iran (Islamic Rep. of),Refugees (incl. refugee-like situations),1
2009,Uganda,Iraq,Asylum-seekers,2
2009,Uganda,Kenya,Refugees (incl. refugee-like situations),1684
2009,Uganda,Kenya,Asylum-seekers,234
2009,Uganda,Kenya,Returned refugees,449
2009,Uganda,Kuwait,Asylum-seekers,1
2009,Uganda,Liberia,Refugees (incl. refugee-like situations),3
2009,Uganda,Liberia,Asylum-seekers,3
2009,Uganda,Malawi,Refugees (incl. refugee-like situations),1
2009,Uganda,Pakistan,Refugees (incl. refugee-like situations),23
2009,Uganda,Pakistan,Asylum-seekers,24
2009,Uganda,Rwanda,Refugees (incl. refugee-like situations),15717
2009,Uganda,Rwanda,Asylum-seekers,1243
2009,Uganda,Rwanda,Returned refugees,5701
2009,Uganda,Sierra Leone,Refugees (incl. refugee-like situations),1
2009,Uganda,Sierra Leone,Asylum-seekers,4
2009,Uganda,Somalia,Refugees (incl. refugee-like situations),8172
2009,Uganda,Somalia,Asylum-seekers,3453
2009,Uganda,Sudan,Refugees (incl. refugee-like situations),20836
2009,Uganda,Sudan,Asylum-seekers,315
2009,Uganda,Sudan,Returned refugees,29917
2009,Uganda,Uganda,Internally displaced persons,446300
2009,Uganda,Uganda,Returned IDPs,407700
2009,Uganda,United Rep. of Tanzania,Refugees (incl. refugee-like situations),2
2009,Uganda,United Rep. of Tanzania,Asylum-seekers,9
2010,Uganda,Bangladesh,Asylum-seekers,7
2010,Uganda,Burundi,Refugees (incl. refugee-like situations),4950
2010,Uganda,Burundi,Asylum-seekers,1653
2010,Uganda,Burundi,Returned refugees,8
2010,Uganda,Cameroon,Refugees (incl. refugee-like situations),2
2010,Uganda,Canada,Refugees (incl. refugee-like situations),1
2010,Uganda,Central African Rep.,Refugees (incl. refugee-like situations),9
2010,Uganda,Central African Rep.,Asylum-seekers,1
2010,Uganda,Chad,Refugees (incl. refugee-like situations),5
2010,Uganda,Chad,Asylum-seekers,8
2010,Uganda,Congo,Refugees (incl. refugee-like situations),3
2010,Uganda,Congo,Asylum-seekers,1
2010,Uganda,Cote d'Ivoire,Asylum-seekers,1
2010,Uganda,Dem. Rep. of the Congo,Refugees (incl. refugee-like situations),81804
2010,Uganda,Dem. Rep. of the Congo,Asylum-seekers,5281
2010,Uganda,Dem. Rep. of the Congo,Returned refugees,6177
2010,Uganda,Eritrea,Refugees (incl. refugee-like situations),3490
2010,Uganda,Eritrea,Asylum-seekers,2433
2010,Uganda,Ethiopia,Refugees (incl. refugee-like situations),982
2010,Uganda,Ethiopia,Asylum-seekers,913
2010,Uganda,Greece,Refugees (incl. refugee-like situations),1
2010,Uganda,Guinea,Asylum-seekers,4
2010,Uganda,Iran (Islamic Rep. of),Refugees (incl. refugee-like situations),2
2010,Uganda,Iraq,Asylum-seekers,2
2010,Uganda,Kenya,Refugees (incl. refugee-like situations),1397
2010,Uganda,Kenya,Asylum-seekers,251
2010,Uganda,Kenya,Returned refugees,324
2010,Uganda,Kuwait,Asylum-seekers,1
2010,Uganda,Liberia,Refugees (incl. refugee-like situations),3
2010,Uganda,Liberia,Asylum-seekers,3
2010,Uganda,Malawi,Refugees (incl. refugee-like situations),1
2010,Uganda,Pakistan,Refugees (incl. refugee-like situations),24
2010,Uganda,Pakistan,Asylum-seekers,31
2010,Uganda,Palestinian,Asylum-seekers,1
2010,Uganda,Rwanda,Refugees (incl. refugee-like situations),12590
2010,Uganda,Rwanda,Asylum-seekers,3430
2010,Uganda,Rwanda,Returned refugees,3
2010,Uganda,Sierra Leone,Refugees (incl. refugee-like situations),1
2010,Uganda,Sierra Leone,Asylum-seekers,4
2010,Uganda,Somalia,Refugees (incl. refugee-like situations),11151
2010,Uganda,Somalia,Asylum-seekers,6260
2010,Uganda,Sudan,Refugees (incl. refugee-like situations),19382
2010,Uganda,Sudan,Asylum-seekers,507
2010,Uganda,Sudan,Returned refugees,2674
2010,Uganda,Uganda,Internally displaced persons,125598
2010,Uganda,Uganda,Returned IDPs,302991
2010,Uganda,United Rep. of Tanzania,Refugees (incl. refugee-like situations),3
2010,Uganda,United Rep. of Tanzania,Asylum-seekers,9
2010,Uganda,United States of America,Asylum-seekers,3
2011,Uganda,Bangladesh,Asylum-seekers,7
2011,Uganda,Burundi,Refugees (incl. refugee-like situations),6687
2011,Uganda,Burundi,Asylum-seekers,1456
2011,Uganda,Burundi,Returned refugees,1
2011,Uganda,Cameroon,Refugees (incl. refugee-like situations),2
2011,Uganda,Canada,Refugees (incl. refugee-like situations),1
2011,Uganda,Central African Rep.,Refugees (incl. refugee-like situations),9
2011,Uganda,Central African Rep.,Asylum-seekers,1
2011,Uganda,Chad,Refugees (incl. refugee-like situations),6
2011,Uganda,Chad,Asylum-seekers,7
2011,Uganda,Comoros,Refugees (incl. refugee-like situations),1
2011,Uganda,Congo,Asylum-seekers,1
2011,Uganda,Cote d'Ivoire,Asylum-seekers,2
2011,Uganda,Dem. Rep. of the Congo,Refugees (incl. refugee-like situations),81487
2011,Uganda,Dem. Rep. of the Congo,Asylum-seekers,6937
2011,Uganda,Dem. Rep. of the Congo,Returned refugees,7985
2011,Uganda,Egypt,Asylum-seekers,4
2011,Uganda,Eritrea,Refugees (incl. refugee-like situations),3529
2011,Uganda,Eritrea,Asylum-seekers,2877
2011,Uganda,Ethiopia,Refugees (incl. refugee-like situations),1064
2011,Uganda,Ethiopia,Asylum-seekers,959
2011,Uganda,France,Asylum-seekers,1
2011,Uganda,Greece,Refugees (incl. refugee-like situations),1
2011,Uganda,Guinea,Asylum-seekers,4
2011,Uganda,Iran (Islamic Rep. of),Refugees (incl. refugee-like situations),1
2011,Uganda,Iraq,Asylum-seekers,1
2011,Uganda,Kenya,Refugees (incl. refugee-like situations),1338
2011,Uganda,Kenya,Asylum-seekers,259
2011,Uganda,Kenya,Returned refugees,69
2011,Uganda,Kuwait,Asylum-seekers,1
2011,Uganda,Liberia,Refugees (incl. refugee-like situations),5
2011,Uganda,Liberia,Asylum-seekers,3
2011,Uganda,Malawi,Refugees (incl. refugee-like situations),1
2011,Uganda,Pakistan,Refugees (incl. refugee-like situations),23
2011,Uganda,Pakistan,Asylum-seekers,29
2011,Uganda,Rwanda,Refugees (incl. refugee-like situations),12998
2011,Uganda,Rwanda,Asylum-seekers,2796
2011,Uganda,Rwanda,Returned refugees,7
2011,Uganda,Sierra Leone,Refugees (incl. refugee-like situations),1
2011,Uganda,Sierra Leone,Asylum-seekers,4
2011,Uganda,Somalia,Refugees (incl. refugee-like situations),14023
2011,Uganda,Somalia,Asylum-seekers,7040
2011,Uganda,South Sudan,Returned refugees,885
2011,Uganda,Sudan,Refugees (incl. refugee-like situations),18268
2011,Uganda,Sudan,Asylum-seekers,1053
2011,Uganda,Sudan,Returned refugees,807
2011,Uganda,Tunisia,Asylum-seekers,1
2011,Uganda,Uganda,Internally displaced persons,29776
2011,Uganda,Uganda,Returned IDPs,95822
2011,Uganda,United Rep. of Tanzania,Refugees (incl. refugee-like situations),3
2011,Uganda,United Rep. of Tanzania,Asylum-seekers,9
2011,Uganda,United States of America,Asylum-seekers,1
2012,Uganda,Bangladesh,Asylum-seekers,8
2012,Uganda,Burundi,Refugees (incl. refugee-like situations),10728
2012,Uganda,Burundi,Asylum-seekers,1796
2012,Uganda,Cameroon,Refugees (incl. refugee-like situations),4
2012,Uganda,Canada,Refugees (incl. refugee-like situations),1
2012,Uganda,Central African Rep.,Refugees (incl. refugee-like situations),9
2012,Uganda,Central African Rep.,Asylum-seekers,1
2012,Uganda,Chad,Refugees (incl. refugee-like situations),6
2012,Uganda,Chad,Asylum-seekers,5
2012,Uganda,Comoros,Refugees (incl. refugee-like situations),2
2012,Uganda,Congo,Asylum-seekers,1
2012,Uganda,Cote d'Ivoire,Asylum-seekers,2
2012,Uganda,Croatia,Asylum-seekers,1
2012,Uganda,Dem. Rep. of the Congo,Refugees (incl. refugee-like situations),127021
2012,Uganda,Dem. Rep. of the Congo,Asylum-seekers,7336
2012,Uganda,Dem. Rep. of the Congo,Returned refugees,21912
2012,Uganda,Egypt,Refugees (incl. refugee-like situations),6
2012,Uganda,Egypt,Asylum-seekers,4
2012,Uganda,Eritrea,Refugees (incl. refugee-like situations),4630
2012,Uganda,Eritrea,Asylum-seekers,4314
2012,Uganda,Ethiopia,Refugees (incl. refugee-like situations),1529
2012,Uganda,Ethiopia,Asylum-seekers,1316
2012,Uganda,France,Asylum-seekers,2
2012,Uganda,Guinea,Asylum-seekers,8
2012,Uganda,Iran (Islamic Rep. of),Refugees (incl. refugee-like situations),1
2012,Uganda,Iran (Islamic Rep. of),Asylum-seekers,2
2012,Uganda,Iraq,Asylum-seekers,2
2012,Uganda,Kenya,Refugees (incl. refugee-like situations),1124
2012,Uganda,Kenya,Asylum-seekers,284
2012,Uganda,Kuwait,Asylum-seekers,1
2012,Uganda,Liberia,Refugees (incl. refugee-like situations),5
2012,Uganda,Liberia,Asylum-seekers,3
2012,Uganda,Libya,Refugees (incl. refugee-like situations),12
2012,Uganda,Malawi,Refugees (incl. refugee-like situations),1
2012,Uganda,Pakistan,Refugees (incl. refugee-like situations),63
2012,Uganda,Pakistan,Asylum-seekers,44
2012,Uganda,Rwanda,Refugees (incl. refugee-like situations),14684
2012,Uganda,Rwanda,Asylum-seekers,3244
2012,Uganda,Rwanda,Returned refugees,375
2012,Uganda,Sierra Leone,Refugees (incl. refugee-like situations),1
2012,Uganda,Sierra Leone,Asylum-seekers,5
2012,Uganda,Somalia,Refugees (incl. refugee-like situations),19000
2012,Uganda,Somalia,Asylum-seekers,8143
2012,Uganda,South Sudan,Refugees (incl. refugee-like situations),11135
2012,Uganda,South Sudan,Returned refugees,1906
2012,Uganda,Sudan,Refugees (incl. refugee-like situations),7910
2012,Uganda,Sudan,Asylum-seekers,1539
2012,Uganda,Sudan,Returned refugees,1671
2012,Uganda,Syrian Arab Rep.,Asylum-seekers,1
2012,Uganda,Tunisia,Asylum-seekers,1
2012,Uganda,United Rep. of Tanzania,Refugees (incl. refugee-like situations),5
2012,Uganda,United Rep. of Tanzania,Asylum-seekers,9
2013,Uganda,Angola,Asylum-seekers,2
2013,Uganda,Bangladesh,Asylum-seekers,5
2013,Uganda,Burundi,Refugees (incl. refugee-like situations),10587
2013,Uganda,Burundi,Asylum-seekers,777
2013,Uganda,Burundi,Returned refugees,3
2013,Uganda,Canada,Asylum-seekers,1
2013,Uganda,Central African Rep.,Refugees (incl. refugee-like situations),8
2013,Uganda,Central African Rep.,Asylum-seekers,6
2013,Uganda,Chad,Refugees (incl. refugee-like situations),2
2013,Uganda,Chad,Asylum-seekers,3
2013,Uganda,Comoros,Refugees (incl. refugee-like situations),1
2013,Uganda,Dem. Rep. of the Congo,Refugees (incl. refugee-like situations),155742
2013,Uganda,Dem. Rep. of the Congo,Asylum-seekers,8174
2013,Uganda,Dem. Rep. of the Congo,Returned refugees,321
2013,Uganda,Egypt,Refugees (incl. refugee-like situations),4
2013,Uganda,Egypt,Asylum-seekers,3
2013,Uganda,Eritrea,Refugees (incl. refugee-like situations),1992
2013,Uganda,Eritrea,Asylum-seekers,4283
2013,Uganda,Ethiopia,Refugees (incl. refugee-like situations),880
2013,Uganda,Ethiopia,Asylum-seekers,570
2013,Uganda,Gambia,Asylum-seekers,1
2013,Uganda,Guinea,Asylum-seekers,1
2013,Uganda,Iran (Islamic Rep. of),Refugees (incl. refugee-like situations),2
2013,Uganda,Iraq,Refugees (incl. refugee-like situations),1
2013,Uganda,Kenya,Refugees (incl. refugee-like situations),1197
2013,Uganda,Kenya,Asylum-seekers,337
2013,Uganda,Liberia,Refugees (incl. refugee-like situations),1
2013,Uganda,Libya,Asylum-seekers,2
2013,Uganda,Malawi,Refugees (incl. refugee-like situations),1
2013,Uganda,Pakistan,Refugees (incl. refugee-like situations),34
2013,Uganda,Pakistan,Asylum-seekers,103
2013,Uganda,Palestinian,Refugees (incl. refugee-like situations),1
2013,Uganda,Rwanda,Refugees (incl. refugee-like situations),13376
2013,Uganda,Rwanda,Asylum-seekers,1237
2013,Uganda,Rwanda,Returned refugees,414
2013,Uganda,Senegal,Asylum-seekers,1
2013,Uganda,Somalia,Refugees (incl. refugee-like situations),13144
2013,Uganda,Somalia,Asylum-seekers,5390
2013,Uganda,South Sudan,Refugees (incl. refugee-like situations),22510
2013,Uganda,South Sudan,Asylum-seekers,2755
2013,Uganda,South Sudan,Returned refugees,275
2013,Uganda,Sudan,Refugees (incl. refugee-like situations),1068
2013,Uganda,Sudan,Asylum-seekers,561
2013,Uganda,Syrian Arab Rep.,Asylum-seekers,8
2013,Uganda,Uganda,Others of concern,50000
2013,Uganda,United Rep. of Tanzania,Refugees (incl. refugee-like situations),3
2013,Uganda,Yemen,Refugees (incl. refugee-like situations),1
2013,Uganda,Zambia,Asylum-seekers,1
2014,Uganda,Angola,Asylum-seekers,2
2014,Uganda,Burundi,Refugees (incl. refugee-like situations),11903
2014,Uganda,Burundi,Asylum-seekers,2464
2014,Uganda,Burundi,Returned refugees,36
2014,Uganda,Canada,Asylum-seekers,1
2014,Uganda,Central African Rep.,Refugees (incl. refugee-like situations),14
2014,Uganda,Central African Rep.,Asylum-seekers,1
2014,Uganda,Chad,Refugees (incl. refugee-like situations),5
2014,Uganda,Chad,Asylum-seekers,4
2014,Uganda,Comoros,Refugees (incl. refugee-like situations),1
2014,Uganda,Dem. Rep. of the Congo,Refugees (incl. refugee-like situations),178217
2014,Uganda,Dem. Rep. of the Congo,Asylum-seekers,9592
2014,Uganda,Dem. Rep. of the Congo,Returned refugees,5541
2014,Uganda,Egypt,Refugees (incl. refugee-like situations),5
2014,Uganda,Egypt,Asylum-seekers,3
2014,Uganda,Eritrea,Refugees (incl. refugee-like situations),2600
2014,Uganda,Eritrea,Asylum-seekers,6908
2014,Uganda,Ethiopia,Refugees (incl. refugee-like situations),1265
2014,Uganda,Ethiopia,Asylum-seekers,962
2014,Uganda,Gambia,Asylum-seekers,1
2014,Uganda,Guinea,Asylum-seekers,1
2014,Uganda,India,Asylum-seekers,4
2014,Uganda,Iran (Islamic Rep. of),Refugees (incl. refugee-like situations),2
2014,Uganda,Iraq,Asylum-seekers,2
2014,Uganda,Ireland,Asylum-seekers,1
2014,Uganda,Kenya,Refugees (incl. refugee-like situations),1274
2014,Uganda,Kenya,Asylum-seekers,357
2014,Uganda,Kenya,Returned refugees,1
2014,Uganda,Liberia,Refugees (incl. refugee-like situations),3
2014,Uganda,Malawi,Refugees (incl. refugee-like situations),1
2014,Uganda,Mali,Asylum-seekers,4
2014,Uganda,Nigeria,Refugees (incl. refugee-like situations),1
2014,Uganda,Pakistan,Refugees (incl. refugee-like situations),38
2014,Uganda,Pakistan,Asylum-seekers,238
2014,Uganda,Palestinian,Refugees (incl. refugee-like situations),1
2014,Uganda,Palestinian,Asylum-seekers,5
2014,Uganda,Rwanda,Refugees (incl. refugee-like situations),14312
2014,Uganda,Rwanda,Asylum-seekers,2289
2014,Uganda,Rwanda,Returned refugees,40
2014,Uganda,Senegal,Refugees (incl. refugee-like situations),1
2014,Uganda,Somalia,Refugees (incl. refugee-like situations),17010
2014,Uganda,Somalia,Asylum-seekers,10995
2014,Uganda,South Sudan,Refugees (incl. refugee-like situations),157053
2014,Uganda,South Sudan,Asylum-seekers,833
2014,Uganda,Sudan,Refugees (incl. refugee-like situations),1802
2014,Uganda,Sudan,Asylum-seekers,792
2014,Uganda,Syrian Arab Rep.,Refugees (incl. refugee-like situations),1
2014,Uganda,Syrian Arab Rep.,Asylum-seekers,13
2014,Uganda,Turkey,Asylum-seekers,1
2014,Uganda,Uganda,Others of concern,180000
2014,Uganda,United Rep. of Tanzania,Refugees (incl. refugee-like situations),2
2014,Uganda,United Rep. of Tanzania,Asylum-seekers,1
2014,Uganda,Yemen,Refugees (incl. refugee-like situations),1
2014,Uganda,Yemen,Asylum-seekers,1
2014,Uganda,Zambia,Refugees (incl. refugee-like situations),1
2015,Uganda,Angola,Asylum-seekers,2
2015,Uganda,Burundi,Refugees (incl. refugee-like situations),26256
2015,Uganda,Burundi,Asylum-seekers,4297
2015,Uganda,Canada,Refugees (incl. refugee-like situations),1
2015,Uganda,Canada,Asylum-seekers,1
2015,Uganda,Central African Rep.,Refugees (incl. refugee-like situations),13
2015,Uganda,Central African Rep.,Asylum-seekers,1
2015,Uganda,Chad,Refugees (incl. refugee-like situations),5
2015,Uganda,Chad,Asylum-seekers,1
2015,Uganda,Comoros,Refugees (incl. refugee-like situations),1
2015,Uganda,Congo,Refugees (incl. refugee-like situations),4
2015,Uganda,Congo,Asylum-seekers,1
2015,Uganda,Dem. Rep. of the Congo,Refugees (incl. refugee-like situations),201782
2015,Uganda,Dem. Rep. of the Congo,Asylum-seekers,12497
2015,Uganda,Dem. Rep. of the Congo,Returned refugees,5616
2015,Uganda,Eritrea,Refugees (incl. refugee-like situations),3401
2015,Uganda,Eritrea,Asylum-seekers,5849
2015,Uganda,Ethiopia,Refugees (incl. refugee-like situations),1495
2015,Uganda,Ethiopia,Asylum-seekers,1007
2015,Uganda,Gambia,Asylum-seekers,1
2015,Uganda,Guinea,Asylum-seekers,1
2015,Uganda,India,Asylum-seekers,4
2015,Uganda,Iran (Islamic Rep. of),Refugees (incl. refugee-like situations),2
2015,Uganda,Iraq,Asylum-seekers,2
2015,Uganda,Ireland,Asylum-seekers,1
2015,Uganda,Kenya,Refugees (incl. refugee-like situations),289
2015,Uganda,Kenya,Asylum-seekers,220
2015,Uganda,Kenya,Returned refugees,1231
2015,Uganda,Liberia,Refugees (incl. refugee-like situations),3
2015,Uganda,Malawi,Refugees (incl. refugee-like situations),1
2015,Uganda,Mali,Asylum-seekers,4
2015,Uganda,Pakistan,Refugees (incl. refugee-like situations),135
2015,Uganda,Pakistan,Asylum-seekers,291
2015,Uganda,Palestinian,Asylum-seekers,6
2015,Uganda,Rwanda,Refugees (incl. refugee-like situations),14714
2015,Uganda,Rwanda,Asylum-seekers,2441
2015,Uganda,Senegal,Refugees (incl. refugee-like situations),1
2015,Uganda,Somalia,Refugees (incl. refugee-like situations),27720
2015,Uganda,Somalia,Asylum-seekers,7490
2015,Uganda,South Sudan,Refugees (incl. refugee-like situations),199359
2015,Uganda,South Sudan,Asylum-seekers,919
2015,Uganda,Sudan,Refugees (incl. refugee-like situations),1992
2015,Uganda,Sudan,Asylum-seekers,725
2015,Uganda,Syrian Arab Rep.,Refugees (incl. refugee-like situations),6
2015,Uganda,Syrian Arab Rep.,Asylum-seekers,11
2015,Uganda,Turkey,Asylum-seekers,1
2015,Uganda,Uganda,Others of concern,180000
2015,Uganda,United Rep. of Tanzania,Refugees (incl. refugee-like situations),3
2015,Uganda,United Rep. of Tanzania,Asylum-seekers,1
2015,Uganda,Yemen,Refugees (incl. refugee-like situations),3
2015,Uganda,Yemen,Asylum-seekers,5
2015,Uganda,Zambia,Refugees (incl. refugee-like situations),1
2016,Uganda,Angola,Asylum-seekers,2
2016,Uganda,Burundi,Refugees (incl. refugee-like situations),41012
2016,Uganda,Burundi,Asylum-seekers,3423
2016,Uganda,Burundi,Returned refugees,15
2016,Uganda,Canada,Refugees (incl. refugee-like situations),2
2016,Uganda,Canada,Asylum-seekers,1
2016,Uganda,Central African Rep.,Refugees (incl. refugee-like situations),21
2016,Uganda,Central African Rep.,Asylum-seekers,4
2016,Uganda,Chad,Refugees (incl. refugee-like situations),5
2016,Uganda,Chad,Asylum-seekers,2
2016,Uganda,Congo,Refugees (incl. refugee-like situations),4
2016,Uganda,Dem. Rep. of the Congo,Refugees (incl. refugee-like situations),205363
2016,Uganda,Dem. Rep. of the Congo,Asylum-seekers,16692
2016,Uganda,Dem. Rep. of the Congo,Returned refugees,6
2016,Uganda,Eritrea,Refugees (incl. refugee-like situations),4511
2016,Uganda,Eritrea,Asylum-seekers,7353
2016,Uganda,Ethiopia,Refugees (incl. refugee-like situations),2002
2016,Uganda,Ethiopia,Asylum-seekers,944
2016,Uganda,Gambia,Asylum-seekers,1
2016,Uganda,Guinea,Asylum-seekers,1
2016,Uganda,India,Asylum-seekers,2
2016,Uganda,Iran (Islamic Rep. of),Refugees (incl. refugee-like situations),2
2016,Uganda,Iraq,Asylum-seekers,2
2016,Uganda,Ireland,Asylum-seekers,1
2016,Uganda,Kenya,Refugees (incl. refugee-like situations),194
2016,Uganda,Kenya,Asylum-seekers,218
2016,Uganda,Kenya,Returned refugees,2
2016,Uganda,Liberia,Refugees (incl. refugee-like situations),4
2016,Uganda,Malawi,Refugees (incl. refugee-like situations),1
2016,Uganda,Mali,Asylum-seekers,4
2016,Uganda,Nigeria,Refugees (incl. refugee-like situations),2
2016,Uganda,Pakistan,Refugees (incl. refugee-like situations),201
2016,Uganda,Pakistan,Asylum-seekers,257
2016,Uganda,Palestinian,Asylum-seekers,6
2016,Uganda,Rwanda,Refugees (incl. refugee-like situations),15231
2016,Uganda,Rwanda,Asylum-seekers,2523
2016,Uganda,Senegal,Refugees (incl. refugee-like situations),1
2016,Uganda,Somalia,Refugees (incl. refugee-like situations),30689
2016,Uganda,Somalia,Asylum-seekers,8852
2016,Uganda,South Sudan,Refugees (incl. refugee-like situations),639007
2016,Uganda,South Sudan,Asylum-seekers,948
2016,Uganda,Sudan,Refugees (incl. refugee-like situations),2545
2016,Uganda,Sudan,Asylum-seekers,629
2016,Uganda,Syrian Arab Rep.,Refugees (incl. refugee-like situations),7
2016,Uganda,Syrian Arab Rep.,Asylum-seekers,12
2016,Uganda,Turkey,Refugees (incl. refugee-like situations),1
2016,Uganda,Uganda,Others of concern,180000
2016,Uganda,United Rep. of Tanzania,Refugees (incl. refugee-like situations),2
2016,Uganda,Yemen,Refugees (incl. refugee-like situations),27
2016,Uganda,Yemen,Asylum-seekers,3
2016,Uganda,Zambia,Refugees (incl. refugee-like situations),1
2017,Uganda,Angola,Asylum-seekers,*
2017,Uganda,Burundi,Refugees (incl. refugee-like situations),38245
2017,Uganda,Burundi,Asylum-seekers,2389
2017,Uganda,Central African Rep.,Refugees (incl. refugee-like situations),21
2017,Uganda,Central African Rep.,Asylum-seekers,4
2017,Uganda,Chad,Refugees (incl. refugee-like situations),5
2017,Uganda,Chad,Asylum-seekers,*
2017,Uganda,Dem. Rep. of the Congo,Refugees (incl. refugee-like situations),226192
2017,Uganda,Dem. Rep. of the Congo,Asylum-seekers,16214
2017,Uganda,Eritrea,Refugees (incl. refugee-like situations),4566
2017,Uganda,Eritrea,Asylum-seekers,10026
2017,Uganda,Ethiopia,Refugees (incl. refugee-like situations),1944
2017,Uganda,Ethiopia,Asylum-seekers,1289
2017,Uganda,Gambia,Asylum-seekers,*
2017,Uganda,Guinea,Asylum-seekers,*
2017,Uganda,India,Asylum-seekers,*
2017,Uganda,Iran (Islamic Rep. of),Refugees (incl. refugee-like situations),*
2017,Uganda,Iraq,Asylum-seekers,*
2017,Uganda,Ireland,Asylum-seekers,*
2017,Uganda,Kenya,Refugees (incl. refugee-like situations),193
2017,Uganda,Kenya,Asylum-seekers,25
2017,Uganda,Malawi,Refugees (incl. refugee-like situations),*
2017,Uganda,Mali,Asylum-seekers,4
2017,Uganda,Nigeria,Refugees (incl. refugee-like situations),*
2017,Uganda,Pakistan,Refugees (incl. refugee-like situations),224
2017,Uganda,Pakistan,Asylum-seekers,267
2017,Uganda,Palestinian,Asylum-seekers,7
2017,Uganda,Rwanda,Refugees (incl. refugee-like situations),14282
2017,Uganda,Rwanda,Asylum-seekers,978
2017,Uganda,Senegal,Refugees (incl. refugee-like situations),5
2017,Uganda,Somalia,Refugees (incl. refugee-like situations),25011
2017,Uganda,Somalia,Asylum-seekers,12182
2017,Uganda,South Sudan,Refugees (incl. refugee-like situations),1037412
2017,Uganda,South Sudan,Asylum-seekers,486
2017,Uganda,Sudan,Refugees (incl. refugee-like situations),2355
2017,Uganda,Sudan,Asylum-seekers,745
2017,Uganda,Syrian Arab Rep.,Refugees (incl. refugee-like situations),7
2017,Uganda,Syrian Arab Rep.,Asylum-seekers,12
2017,Uganda,Turkey,Refugees (incl. refugee-like situations),*
2017,Uganda,Uganda,Returned refugees,*
2017,Uganda,Uganda,Others of concern,180000
2017,Uganda,United Rep. of Tanzania,Refugees (incl. refugee-like situations),*
2017,Uganda,Yemen,Refugees (incl. refugee-like situations),33
2017,Uganda,Yemen,Asylum-seekers,*
2017,Uganda,Zambia,Refugees (incl. refugee-like situations),*
